,file_name,wave,note,octave,note_octave,freq,attack_duration,decay_duration,sustain_level,sustain_duration,release_duration
0,sine/adsr_D♯5_1.wav,sine/adsr,D♯,5,D♯5,622.2539674441618,4.013291834755153,1.2638276269248068,0.7232977067999695,3.441122472633094,1.1597676836895605
1,sine/adsr_E6_2.wav,sine/adsr,E,6,E6,1318.5102276514797,1.6174945658196715,2.9294203212700793,0.7445419387185184,2.059110291176202,1.8122220895802092
2,sine/adsr_C1_3.wav,sine/adsr,C,1,C1,32.70319566257483,4.265105606584404,1.609074821030056,0.18710342139955227,1.0993985721327981,2.4294967702094783
3,sine/adsr_G8_4.wav,sine/adsr,G,8,G8,6271.926975707989,0.9183391278140729,2.9587909323890877,0.6881485019757716,1.085055470752524,1.5069145249441862
4,sine/adsr_C♯4_5.wav,sine/adsr,C♯,4,C♯4,277.1826309768721,2.069040146612873,3.987322787307637,0.6433330336992372,0.2767299401302381,1.9757466273679531
5,sine/adsr_E3_6.wav,sine/adsr,E,3,E3,164.81377845643496,1.9853201386298425,1.5343038430904317,0.8694782389638489,4.888618562637936,0.29101192683863353
6,sine/adsr_A♯3_7.wav,sine/adsr,A♯,3,A♯3,233.08188075904496,0.4013701914092793,0.7066740702679292,0.32189691514216845,1.046671184638026,4.020787725320853
7,sine/adsr_C♯5_8.wav,sine/adsr,C♯,5,C♯5,554.3652619537442,0.5864236184895638,1.1699538455859715,0.5399134441810225,3.3971542055488757,2.7438796525848175
8,sine/adsr_E4_9.wav,sine/adsr,E,4,E4,329.6275569128699,1.5387062501616833,1.9541530450204618,0.022057741524803776,2.7481892137703854,3.7589514910474677
9,sine/adsr_C♯2_10.wav,sine/adsr,C♯,2,C♯2,69.29565774421802,0.5174212725024091,2.0947370378685424,0.12256141180298707,3.789083056199747,3.444999011530601
10,sine/adsr_D♯1_11.wav,sine/adsr,D♯,1,D♯1,38.890872965260115,0.44220105694942835,2.090216948896954,0.11800955896587251,4.070448971332322,1.0611401396148068
11,sine/adsr_C1_12.wav,sine/adsr,C,1,C1,32.70319566257483,2.4538817613864734,3.5733226763713337,0.28088920269967954,2.5164093469938145,1.4563862152483789
12,sine/adsr_C♯3_13.wav,sine/adsr,C♯,3,C♯3,138.59131548843604,3.008728401753434,2.5407912558194865,0.10507108703884771,3.0527367294906336,1.3977436129364458
13,sine/adsr_G♯1_14.wav,sine/adsr,G♯,1,G♯1,51.91308719749314,1.2836216158490998,3.709296371864311,0.29831157153981014,2.6180132865267587,0.06350327339771034
14,sine/adsr_G♯2_15.wav,sine/adsr,G♯,2,G♯2,103.82617439498628,2.514861811245558,0.5809088352754969,0.31190486711117726,3.3605793417465812,3.543650011732364
15,sine/adsr_D6_16.wav,sine/adsr,D,6,D6,1174.6590716696303,1.6179045256277276,4.09550968921529,0.03968070629554088,0.43565366971550734,3.8509321154414735
16,sine/adsr_C7_17.wav,sine/adsr,C,7,C7,2093.004522404789,3.0788981781790423,3.0584078197290285,0.3579194176118077,0.4830119181605941,3.3796820839313346
17,sine/adsr_E4_18.wav,sine/adsr,E,4,E4,329.6275569128699,1.774814915492534,4.127807809534446,0.7428261931906712,0.8738381097069616,3.2235391652660583
18,sine/adsr_B1_19.wav,sine/adsr,B,1,B1,61.7354126570155,3.687628476819656,4.054471931567445,0.43114839030810714,2.12194898053127,0.1359506110816298
19,sine/adsr_C♯1_20.wav,sine/adsr,C♯,1,C♯1,34.64782887210901,3.889875971378366,0.37003396320837323,0.31341294283632926,0.3474667598693565,1.839028449785995
20,sine/adsr_A♯1_21.wav,sine/adsr,A♯,1,A♯1,58.27047018976124,1.8539657947899966,3.727316635432603,0.03970644406796686,0.7877927320867874,3.630924837690612
21,sine/adsr_D♯5_22.wav,sine/adsr,D♯,5,D♯5,622.2539674441618,3.0636941720147286,3.3113177157045457,0.38457583132091555,3.484634912106615,0.14035320017410913
22,sine/adsr_A3_23.wav,sine/adsr,A,3,A3,220.0,3.2038288311213234,2.5282346111844722,0.28720705317750905,2.41003950402075,1.8578970536734558
23,sine/adsr_C4_24.wav,sine/adsr,C,4,C4,261.6255653005986,0.8970041841638987,3.312167136853126,0.8447545497323894,2.365883283912491,2.199346347742104
24,sine/adsr_E6_25.wav,sine/adsr,E,6,E6,1318.5102276514797,1.4098513661765764,3.341854055730191,0.8054749875322172,3.788064052338993,1.46023052575424
25,sine/adsr_G6_26.wav,sine/adsr,G,6,G6,1567.981743926997,0.3004322530641995,1.387957204115386,0.888537455645051,1.0628474091379831,2.0164596407275464
26,sine/adsr_C♯6_27.wav,sine/adsr,C♯,6,C♯6,1108.7305239074883,1.5966272233134016,1.3370892765473803,0.6313571349007329,2.4246015892768176,3.4169513957028985
27,sine/adsr_F♯5_28.wav,sine/adsr,F♯,5,F♯5,739.9888454232688,0.008243900836206186,0.6850345813649644,0.8305333955919658,3.1200942272381402,0.7739758900858351
28,sine/adsr_C♯6_29.wav,sine/adsr,C♯,6,C♯6,1108.7305239074883,1.914511715480864,2.58639577230395,0.8707789930500307,3.0697934201383843,2.0184182666882715
29,sine/adsr_D2_30.wav,sine/adsr,D,2,D2,73.41619197935188,3.274712798277521,0.322384340916016,0.7261485824869529,2.7560907198649387,1.0066055151088542
30,sine/adsr_F♯6_31.wav,sine/adsr,F♯,6,F♯6,1479.9776908465376,2.242644101457884,1.707631309031306,0.7138746053865705,0.21746998950064822,2.2965912666287998
31,sine/adsr_G♯2_32.wav,sine/adsr,G♯,2,G♯2,103.82617439498628,0.2449646700387643,2.1121939587945304,0.1847159763057954,3.931044173306371,3.711797197860334
32,sine/adsr_C7_33.wav,sine/adsr,C,7,C7,2093.004522404789,3.5761896355450324,0.5917061863395856,0.647091269992636,2.085015890243218,3.7470882878721623
33,sine/adsr_C5_34.wav,sine/adsr,C,5,C5,523.2511306011972,2.301098913338071,3.5357285151335756,0.6749316367043614,3.8712236080778184,0.14968791443840002
34,sine/adsr_A8_35.wav,sine/adsr,A,8,A8,7040.0,3.6905759996862213,1.2719065388506117,0.8046427612027808,2.1613459363830207,1.1170107792239614
35,sine/adsr_C♯9_36.wav,sine/adsr,C♯,9,C♯9,8869.844191259906,3.9704271146673147,3.009138930014731,0.7916928646959547,0.7747500202076174,2.081135014579165
36,sine/adsr_B5_37.wav,sine/adsr,B,5,B5,987.7666025122483,1.882960286192296,3.4754400550376006,0.9278806583940306,2.398402750656507,2.2431969081135965
37,sine/adsr_F2_38.wav,sine/adsr,F,2,F2,87.30705785825097,2.662452661208555,2.947172573898712,0.780405428338785,0.462603663033162,3.9277711018595705
38,sine/adsr_C♯9_39.wav,sine/adsr,C♯,9,C♯9,8869.844191259906,2.892692690990314,0.0014651639963325636,0.6642008941530063,2.441243459400067,4.013068372094357
39,sine/adsr_F3_40.wav,sine/adsr,F,3,F3,174.61411571650194,2.5307556697022626,0.13931167588099758,0.6058086121124383,0.3229765243600724,4.38684278404179
40,sine/adsr_G♯1_41.wav,sine/adsr,G♯,1,G♯1,51.91308719749314,3.1520650874067706,1.9733781951446945,0.05380482681663412,1.9036416239735359,2.260929166112077
41,sine/adsr_G6_42.wav,sine/adsr,G,6,G6,1567.981743926997,0.6149176085338309,3.6699246351715775,0.4372383348632397,0.7273273464879965,0.343558017872137
42,sine/adsr_A♯5_43.wav,sine/adsr,A♯,5,A♯5,932.3275230361799,1.1110837769117723,3.47725740326187,0.821055108015702,4.411868129644443,0.9997906901819152
43,sine/adsr_D♯3_44.wav,sine/adsr,D♯,3,D♯3,155.56349186104046,1.783018045819137,3.7167968192231653,0.18724566794067476,1.6711122898183857,2.829072845139313
44,sine/adsr_G4_45.wav,sine/adsr,G,4,G4,391.99543598174927,0.5278665185206416,3.1708251714866966,0.7341285182924059,0.7158150557596776,4.340114712121349
45,sine/adsr_G1_46.wav,sine/adsr,G,1,G1,48.999429497718666,1.4593495419454943,1.962011845402808,0.4690813109416181,2.936926254137524,1.1945308990293362
46,sine/adsr_G♯1_47.wav,sine/adsr,G♯,1,G♯1,51.91308719749314,2.5911417792296088,3.512442687980205,0.0766943588722544,2.358913739265341,1.537501793524845
47,sine/adsr_C♯2_48.wav,sine/adsr,C♯,2,C♯2,69.29565774421802,4.306340130259024,0.054577758275863864,0.23701572642043955,2.734090582682173,1.8702259756569617
48,sine/adsr_F♯1_49.wav,sine/adsr,F♯,1,F♯1,46.2493028389543,0.7436150705751854,2.83365779612549,0.2053588724538815,1.0611668432835035,4.394843464235386
49,sine/adsr_E2_50.wav,sine/adsr,E,2,E2,82.4068892282175,0.9849268139653117,3.5246698728665296,0.2162062562246576,0.6001397663752789,1.0623145543694852
50,sine/adsr_B3_51.wav,sine/adsr,B,3,B3,246.94165062806206,3.7393329741765307,1.243956732116176,0.8786677692003909,0.4594301463859283,4.557280147321365
51,sine/adsr_D♯6_52.wav,sine/adsr,D♯,6,D♯6,1244.5079348883237,3.3488563883006974,1.8889016841533155,0.2885937395118998,3.1841439045338102,1.5780980230121764
52,sine/adsr_A1_53.wav,sine/adsr,A,1,A1,55.0,0.5722029541482554,0.7527247047383173,0.9326640780942315,1.5320205857156215,0.27776492625141536
53,sine/adsr_E9_54.wav,sine/adsr,E,9,E9,10548.081821211836,3.123757134735159,2.70598693778211,0.8425764061383743,3.869179055472491,0.30107687201024075
54,sine/adsr_C3_55.wav,sine/adsr,C,3,C3,130.8127826502993,2.3440652063768486,2.1875345074208754,0.6432763625686618,1.569532675255975,3.8988676109463003
55,sine/adsr_B9_56.wav,sine/adsr,B,9,B9,15804.265640195976,1.323248438676367,2.6840328494293493,0.01102013909946764,2.747143797035039,3.245574914859244
56,sine/adsr_A♯4_57.wav,sine/adsr,A♯,4,A♯4,466.1637615180899,2.7196173585522807,4.498542715374831,0.6516988369868687,0.7914006945881212,1.9904392314847672
57,sine/adsr_E7_58.wav,sine/adsr,E,7,E7,2637.02045530296,0.8324219994560261,2.556062273515503,0.9304083229568277,0.4620218410389948,1.42534760145556
58,sine/adsr_C♯8_59.wav,sine/adsr,C♯,8,C♯8,4434.922095629953,2.848714139437222,3.516497592877617,0.46364911141795273,3.3478971443893695,0.28689112329579103
59,sine/adsr_G♯4_60.wav,sine/adsr,G♯,4,G♯4,415.3046975799451,3.218682907319747,1.0688456139355884,0.8865225987964077,3.080226112193762,1.854746039803426
60,sine/adsr_D4_61.wav,sine/adsr,D,4,D4,293.6647679174076,3.4935211595608977,2.1977352443337286,0.04077281630643059,3.925541816540225,0.3832017795651487
61,sine/adsr_D4_62.wav,sine/adsr,D,4,D4,293.6647679174076,1.255651983834852,3.015793416889172,0.920540964541069,3.389009958698028,2.3395446405779476
62,sine/adsr_C4_63.wav,sine/adsr,C,4,C4,261.6255653005986,1.532852605476731,1.4540376437019453,0.614268857017081,0.18993163925282275,3.68854969473644
63,sine/adsr_C1_64.wav,sine/adsr,C,1,C1,32.70319566257483,1.9789242690622195,2.7763978626135417,0.9923834976025618,1.9626761364866419,3.2820017318375974
64,sine/adsr_C4_65.wav,sine/adsr,C,4,C4,261.6255653005986,0.8911066692624738,2.1847985315838163,0.23585650526638058,4.408276558752019,2.5158182404016904
65,sine/adsr_A7_66.wav,sine/adsr,A,7,A7,3520.0,1.8615666264815944,0.1982934849170681,0.15650705322387015,0.6606082739763613,1.1571730243875977
66,sine/adsr_D5_67.wav,sine/adsr,D,5,D5,587.3295358348151,3.4186145483079575,2.995336134905205,0.9420705891657396,0.5674747801868028,3.0185745366000365
67,sine/adsr_G♯5_68.wav,sine/adsr,G♯,5,G♯5,830.6093951598903,4.891877738691596,0.40934912387693756,0.3065282306675795,2.523121599747957,1.9841737834162427
68,sine/adsr_E6_69.wav,sine/adsr,E,6,E6,1318.5102276514797,2.8168004499301382,0.6655519791257369,0.5287353859349254,2.192615891952214,1.8824022777435867
69,sine/adsr_G♯2_70.wav,sine/adsr,G♯,2,G♯2,103.82617439498628,2.756471573756445,0.047144766494831014,0.1811372422577031,0.7176295921032166,0.1535663072320792
70,sine/adsr_A♯3_71.wav,sine/adsr,A♯,3,A♯3,233.08188075904496,3.2042352945103976,1.2395664251310405,0.34198474634552056,0.3578968892663853,0.3289324103915914
71,sine/adsr_G♯2_72.wav,sine/adsr,G♯,2,G♯2,103.82617439498628,3.045391541522576,2.120417669295346,0.07506104087578302,3.584194352904724,1.2499964362773524
72,sine/adsr_C♯7_73.wav,sine/adsr,C♯,7,C♯7,2217.4610478149766,3.287467829126842,3.071037168310272,0.27633979189227365,1.4564043020176523,2.1850907005452345
73,sine/adsr_D5_74.wav,sine/adsr,D,5,D5,587.3295358348151,3.56524287560319,0.3108678950032734,0.6622680460765239,2.249934671393256,2.4570730371604905
74,sine/adsr_G♯6_75.wav,sine/adsr,G♯,6,G♯6,1661.2187903197805,4.106562741219423,1.7032257426575055,0.16849460944562622,0.5644479757458676,2.3190768621462423
75,sine/adsr_D♯3_76.wav,sine/adsr,D♯,3,D♯3,155.56349186104046,2.5887058948899866,4.004071415971865,0.1858540073988606,1.1315834110452012,2.2756392780929464
76,sine/adsr_C5_77.wav,sine/adsr,C,5,C5,523.2511306011972,1.3277641328642558,0.5131798065378884,0.4396580219052476,0.45781010276738365,3.869246335489654
77,sine/adsr_C3_78.wav,sine/adsr,C,3,C3,130.8127826502993,0.6598979568143004,3.8149519997478123,0.5184330194527998,3.7455292271444343,1.7796208162934537
78,sine/adsr_D♯2_79.wav,sine/adsr,D♯,2,D♯2,77.78174593052023,0.9280278001087128,4.025855871534182,0.26385555461443533,0.6093564582637429,3.1013686823528612
79,sine/adsr_E2_80.wav,sine/adsr,E,2,E2,82.4068892282175,0.15341004121211754,0.6737340245197532,0.8062253946677447,1.556809854568077,2.0581039455117662
80,sine/adsr_C6_81.wav,sine/adsr,C,6,C6,1046.5022612023945,2.237693921651872,1.35076300311552,0.6737432208293247,3.863236291236222,2.548306783996388
81,sine/adsr_A♯2_82.wav,sine/adsr,A♯,2,A♯2,116.54094037952248,0.5639672408505936,0.09084056527020268,0.9756167808507007,1.8481096707321931,1.9881143971868713
82,sine/adsr_F2_83.wav,sine/adsr,F,2,F2,87.30705785825097,3.285077130633067,1.3006820151219773,0.6317745586095002,3.209385820280916,2.2048550339640407
83,sine/adsr_A♯3_84.wav,sine/adsr,A♯,3,A♯3,233.08188075904496,1.7204875078078312,1.6719429947895648,0.28068999053276567,3.330970404926712,2.36928413362361
84,sine/adsr_F♯7_85.wav,sine/adsr,F♯,7,F♯7,2959.955381693075,3.7334226949471403,1.5132496510090734,0.7988075436958888,2.174038216462902,2.5792894375808837
85,sine/adsr_A7_86.wav,sine/adsr,A,7,A7,3520.0,0.9513372248974067,4.236904535492715,0.10979419017471004,1.385155601516344,2.659563005393813
86,sine/adsr_E5_87.wav,sine/adsr,E,5,E5,659.2551138257398,2.854413226467404,0.7003189885050909,0.864988905221515,1.5063461269153438,4.295602404524699
87,sine/adsr_E7_88.wav,sine/adsr,E,7,E7,2637.02045530296,3.1348952186999526,1.7216245920055475,0.6952607746655586,3.525491732855136,1.6179884564393636
88,sine/adsr_B9_89.wav,sine/adsr,B,9,B9,15804.265640195976,0.12842009423238154,0.8596542914168531,0.09624720601866099,1.7428582863622821,3.573989986118804
89,sine/adsr_A5_90.wav,sine/adsr,A,5,A5,880.0,3.504987703179901,0.422667506145629,0.1342294228142633,2.6236249493536987,3.4487198413207727
90,sine/adsr_B9_91.wav,sine/adsr,B,9,B9,15804.265640195976,0.7897939429489587,2.696437098804539,0.4319002275665933,4.243130839482683,1.6101046828319143
91,sine/adsr_D8_92.wav,sine/adsr,D,8,D8,4698.63628667852,0.8614026439645794,0.1470375950667574,0.8428655754878246,0.1400020311935335,3.749150416926503
92,sine/adsr_A♯1_93.wav,sine/adsr,A♯,1,A♯1,58.27047018976124,3.4101063939739604,1.0542632111066972,0.02997938485205187,1.2049600375586276,4.330670357360715
93,sine/adsr_D7_94.wav,sine/adsr,D,7,D7,2349.31814333926,1.0600073630218736,1.887378436811259,0.15278254288845405,2.3023453401098553,1.1572890099858957
94,sine/adsr_B1_95.wav,sine/adsr,B,1,B1,61.7354126570155,0.6510454263775327,0.9015548458547619,0.40053882099961813,4.4178414064549125,4.029558321312792
95,sine/adsr_D♯9_96.wav,sine/adsr,D♯,9,D♯9,9956.06347910659,1.4122217941650173,0.8081667772676643,0.5056039388940037,1.2374716457470025,3.1799670592587033
96,sine/adsr_G1_97.wav,sine/adsr,G,1,G1,48.999429497718666,3.359454374292672,2.1481529790142253,0.9808190399721175,0.5773211249742222,3.9150715217188807
97,sine/adsr_D♯1_98.wav,sine/adsr,D♯,1,D♯1,38.890872965260115,1.8972024988521103,0.7503145107874978,0.4049194293637519,3.1459345337363005,4.206548456624092
98,sine/adsr_F5_99.wav,sine/adsr,F,5,F5,698.4564628660078,1.5056422661756075,4.4690858026621285,0.5924831415701108,1.5907513663921407,1.4463409944822443
99,sine/adsr_B8_100.wav,sine/adsr,B,8,B8,7902.132820097988,3.648495937131892,0.7220676348850097,0.7439943984157994,0.4333532924091965,4.519495291774981
100,sine/adsr_C♯3_101.wav,sine/adsr,C♯,3,C♯3,138.59131548843604,0.5080289100732999,3.033977114224981,0.22167158949429777,3.0413641163662186,1.236630854715982
101,sine/adsr_G5_102.wav,sine/adsr,G,5,G5,783.9908719634985,1.9203904300585335,0.33887883056377077,0.5902293374447825,3.8150783090281015,1.2294812504230646
102,sine/adsr_E4_103.wav,sine/adsr,E,4,E4,329.6275569128699,3.196392141469054,3.4820936822493045,0.8317979669394706,1.2534658409629795,2.068048335318662
103,sine/adsr_G♯7_104.wav,sine/adsr,G♯,7,G♯7,3322.437580639561,0.855335411475221,3.752045626477982,0.23661783734422848,1.3164391311485868,3.0621572746066565
104,sine/adsr_F♯1_105.wav,sine/adsr,F♯,1,F♯1,46.2493028389543,0.6049659261893892,3.26871844091688,0.37741603602239093,0.5531586702993446,2.7738258879865274
105,sine/adsr_F8_106.wav,sine/adsr,F,8,F8,5587.651702928062,2.320460088303456,2.763995089215823,0.17942361898924752,2.111500752314565,2.8040440701661558
106,sine/adsr_G♯2_107.wav,sine/adsr,G♯,2,G♯2,103.82617439498628,2.2834973252281654,1.277172658600503,0.018011452566443653,1.7607136847243037,4.678616331447029
107,sine/adsr_G8_108.wav,sine/adsr,G,8,G8,6271.926975707989,4.026986764778404,2.148629718479502,0.9156744705780107,0.8276761902608587,0.9280075561961149
108,sine/adsr_G9_109.wav,sine/adsr,G,9,G9,12543.853951415975,2.388046309013918,3.4104263826763783,0.019388730039207824,3.0511669041933334,1.150360404116369
109,sine/adsr_A♯6_110.wav,sine/adsr,A♯,6,A♯6,1864.6550460723597,3.0926789628695186,0.7749805683761111,0.12632244619791144,3.480931519797176,2.6514089489571955
110,sine/adsr_D6_111.wav,sine/adsr,D,6,D6,1174.6590716696303,2.4561635262353403,3.999607716980611,0.9133341230088787,1.8734577043200091,1.6707710524640391
111,sine/adsr_G♯7_112.wav,sine/adsr,G♯,7,G♯7,3322.437580639561,2.451010596957073,2.5248446792014896,0.561308874468817,3.1022549275781746,1.9218897962632635
112,sine/adsr_A3_113.wav,sine/adsr,A,3,A3,220.0,1.2719001975935476,4.459271131320038,0.9633746100328323,4.256645201127016,0.012183469959399432
113,sine/adsr_F6_114.wav,sine/adsr,F,6,F6,1396.9129257320155,2.8306567259292463,1.8487605068213642,0.7883492937419182,1.71587576088584,0.8971087155677715
114,sine/adsr_B5_115.wav,sine/adsr,B,5,B5,987.7666025122483,1.5269577664915883,2.6596643648552054,0.4368235246516231,3.5512231029096313,2.262154765743574
115,sine/adsr_F♯2_116.wav,sine/adsr,F♯,2,F♯2,92.4986056779086,1.8166782404080433,0.3204948511314243,0.12615200191203813,3.588543803394895,3.5812986889982468
116,sine/adsr_D♯6_117.wav,sine/adsr,D♯,6,D♯6,1244.5079348883237,1.639675767541878,4.308073680974112,0.009240019998689397,1.8779041616176102,2.1743463898663995
117,sine/adsr_A♯1_118.wav,sine/adsr,A♯,1,A♯1,58.27047018976124,0.8392237384042522,3.9068625063376587,0.4300908583832129,2.906624774666395,0.6533740232418894
118,sine/adsr_G♯6_119.wav,sine/adsr,G♯,6,G♯6,1661.2187903197805,2.4157141998963634,3.0012794252827537,0.9317236096703363,2.943659028802352,1.639347346018531
119,sine/adsr_D6_120.wav,sine/adsr,D,6,D6,1174.6590716696303,2.8217373709443136,2.31513056507104,0.89274870038917,3.229338917084483,1.6337931469001612
120,sine/adsr_B5_121.wav,sine/adsr,B,5,B5,987.7666025122483,2.841120712912748,3.8102388196449604,0.7999708592760414,1.525659975177123,1.8229804922651698
121,sine/adsr_C♯3_122.wav,sine/adsr,C♯,3,C♯3,138.59131548843604,1.613540687358737,0.008690926106481589,0.16698263084993592,0.9383447747867935,4.222842184568626
122,sine/adsr_D♯1_123.wav,sine/adsr,D♯,1,D♯1,38.890872965260115,3.1608565694619646,2.2218042949196466,0.491337142880548,0.2046132132853712,1.5843775877633082
123,sine/adsr_F5_124.wav,sine/adsr,F,5,F5,698.4564628660078,0.4750059889301661,0.8101918282605869,0.731838315304988,0.3993370713429395,3.1799034823134913
124,sine/adsr_G2_125.wav,sine/adsr,G,2,G2,97.99885899543733,0.788882726735462,1.0086877948402817,0.8845794581699618,3.0028067302901436,3.168594769895799
125,sq/adsr_B3_1.wav,sq/adsr,B,3,B3,246.94165062806206,2.5501442384315065,2.7084229913750724,0.46266189891776854,2.1779527231993607,2.563480046994061
126,sq/adsr_C♯1_2.wav,sq/adsr,C♯,1,C♯1,34.64782887210901,2.8376579937964665,1.7842574261516537,0.45737613868411164,3.6326934241537323,0.08956672767931773
127,sq/adsr_G♯7_3.wav,sq/adsr,G♯,7,G♯7,3322.437580639561,4.108980716114841,0.06929815553238007,0.37311014034849876,3.806915683642275,2.014805444710505
128,sq/adsr_C8_4.wav,sq/adsr,C,8,C8,4186.009044809578,0.2873813737856536,2.5977191375730495,0.07113340819580727,4.055968288036642,3.0589312006046554
129,sq/adsr_C9_5.wav,sq/adsr,C,9,C9,8372.018089619156,0.7735386908425991,3.6309203096643214,0.38359399452158927,2.51532346269877,3.08021753679431
130,sq/adsr_E1_6.wav,sq/adsr,E,1,E1,41.20344461410875,1.810300013760885,2.798205560459858,0.3856167430182914,3.8640271638828447,1.5274672618964125
131,sq/adsr_A♯6_7.wav,sq/adsr,A♯,6,A♯6,1864.6550460723597,2.188558961212282,0.6867535027255623,0.08551673149230543,3.517269374839986,3.6074181612221694
132,sq/adsr_A7_8.wav,sq/adsr,A,7,A7,3520.0,4.2139769069770265,2.4473427194228656,0.09624328013766681,2.67283851818378,0.6658418554163281
133,sq/adsr_E4_9.wav,sq/adsr,E,4,E4,329.6275569128699,1.1272500739813607,4.489777900082452,0.3686692286273031,1.3430787703103204,3.0398932556258655
134,sq/adsr_G7_10.wav,sq/adsr,G,7,G7,3135.9634878539946,1.7061210354082106,2.4403197817590967,0.5415224209812992,0.31880982550761217,3.2561901752529145
135,sq/adsr_C8_11.wav,sq/adsr,C,8,C8,4186.009044809578,0.9925918717913496,3.6588560785796242,0.45286634454380525,2.4581691460699595,0.09114457087632144
136,sq/adsr_F♯9_12.wav,sq/adsr,F♯,9,F♯9,11839.8215267723,3.5099519530456402,1.899079382835244,0.31151472464248187,1.2393423334513771,3.3516263306677394
137,sq/adsr_A6_13.wav,sq/adsr,A,6,A6,1760.0,4.440777184754994,1.6461611527116493,0.9236761471032847,0.11035963294263429,0.14556983888488084
138,sq/adsr_C8_14.wav,sq/adsr,C,8,C8,4186.009044809578,0.5905288003259438,2.8952250388736527,0.8844958294721976,3.341348910719539,3.172897250080866
139,sq/adsr_D♯3_15.wav,sq/adsr,D♯,3,D♯3,155.56349186104046,4.6315941075424005,3.518862246690876,0.3991123687652346,0.5830892746937122,0.07883045850815396
140,sq/adsr_B1_16.wav,sq/adsr,B,1,B1,61.7354126570155,1.3508999946139761,3.3497744673553838,0.529086385440978,3.0504868312361437,1.8623498831512082
141,sq/adsr_F2_17.wav,sq/adsr,F,2,F2,87.30705785825097,3.0162068490476464,0.6265562865388832,0.4500735896789997,3.3101563375845275,3.047080526828944
142,sq/adsr_D♯5_18.wav,sq/adsr,D♯,5,D♯5,622.2539674441618,2.5136115196607807,1.0299273553685766,0.4843308605408795,3.3380881274038847,3.118372997566759
143,sq/adsr_F♯9_19.wav,sq/adsr,F♯,9,F♯9,11839.8215267723,2.9352644845851223,4.479409251592894,0.09659236031701168,0.8314049666450557,0.47727183270573015
144,sq/adsr_D♯7_20.wav,sq/adsr,D♯,7,D♯7,2489.0158697766474,3.078572500419016,1.1084129883115335,0.07935101107895659,2.045307893793061,1.2324093516829338
145,sq/adsr_D9_21.wav,sq/adsr,D,9,D9,9397.272573357044,2.540182713542272,0.667291532180444,0.6071083827762074,3.5037156902390567,2.0352970883695294
146,sq/adsr_D♯7_22.wav,sq/adsr,D♯,7,D♯7,2489.0158697766474,1.5123224022114228,3.690025061421199,0.5566167979426832,1.0590548648449098,3.7385976715224682
147,sq/adsr_F♯1_23.wav,sq/adsr,F♯,1,F♯1,46.2493028389543,3.791700433790642,1.017923664053218,0.12550712388674656,2.5910601620506357,2.599315740105504
148,sq/adsr_G♯7_24.wav,sq/adsr,G♯,7,G♯7,3322.437580639561,4.476242306437833,0.17431961827010845,0.6249290843271477,0.12634833382947908,2.6606268009874046
149,sq/adsr_F♯3_25.wav,sq/adsr,F♯,3,F♯3,184.9972113558172,3.4423082330634913,2.7666416156771163,0.6398417467976807,2.7901155855767046,1.0009345656826873
150,sq/adsr_A♯1_26.wav,sq/adsr,A♯,1,A♯1,58.27047018976124,2.658218931719578,3.300602628074847,0.56387601299479,1.002903813451907,0.8285354051748245
151,sq/adsr_G♯5_27.wav,sq/adsr,G♯,5,G♯5,830.6093951598903,0.7836408650477161,2.4653259782370425,0.4644850602684,1.625429089799616,4.157229979235225
152,sq/adsr_B1_28.wav,sq/adsr,B,1,B1,61.7354126570155,2.0404700711579373,0.005527041447567771,0.4970531657176481,3.7188466467482497,0.9941841302398746
153,sq/adsr_G4_29.wav,sq/adsr,G,4,G4,391.99543598174927,1.7821597483893459,2.729606562645128,0.22801363167170108,0.7244832337067025,1.2689207167080703
154,sq/adsr_A3_30.wav,sq/adsr,A,3,A3,220.0,1.0411756465712154,2.6230965151291024,0.33098436256672337,2.6928054275685183,3.6429224107311633
155,sq/adsr_G5_31.wav,sq/adsr,G,5,G5,783.9908719634985,3.401901272605235,2.7567029887516683,0.3825430952473309,3.407015423497272,0.4343803151458251
156,sq/adsr_D2_32.wav,sq/adsr,D,2,D2,73.41619197935188,3.9235652918197954,1.59824257045578,0.34956251976592445,2.1828720804705544,1.9223408847927392
157,sq/adsr_C♯7_33.wav,sq/adsr,C♯,7,C♯7,2217.4610478149766,1.2520758471963842,2.937199442348466,0.543522413788283,1.6469981274376222,4.163726583017526
158,sq/adsr_G9_34.wav,sq/adsr,G,9,G9,12543.853951415975,2.1947073605033443,0.16520992458552725,0.10672965224968145,3.7635879432671158,3.8764947716440132
159,sq/adsr_G7_35.wav,sq/adsr,G,7,G7,3135.9634878539946,2.4136919154810226,2.1802488599537164,0.8186553641409127,4.08030949398004,1.3257497305852193
160,sq/adsr_F♯2_36.wav,sq/adsr,F♯,2,F♯2,92.4986056779086,2.18254139290176,2.750868125014005,0.5967200209929822,2.504426293383842,2.167884879517877
161,sq/adsr_F2_37.wav,sq/adsr,F,2,F2,87.30705785825097,1.5824278662018811,2.302385631893245,0.850330311405522,3.4710146929034975,2.644171809001376
162,sq/adsr_F♯7_38.wav,sq/adsr,F♯,7,F♯7,2959.955381693075,2.549064612668344,0.371739140608503,0.019302665152051812,3.097717313658558,3.1202569770727795
163,sq/adsr_C♯6_39.wav,sq/adsr,C♯,6,C♯6,1108.7305239074883,0.4516128767927083,3.8865822629645796,0.9471049175760204,4.291979569622717,1.3698252906199946
164,sq/adsr_D♯4_40.wav,sq/adsr,D♯,4,D♯4,311.1269837220809,2.3250537868147063,1.8202674282638616,0.691800458891033,2.47290115529375,3.3817776296276825
165,sq/adsr_F4_41.wav,sq/adsr,F,4,F4,349.2282314330039,1.7249893995011811,2.8255105583040505,0.2917189067614112,0.5918979966927884,4.192542622711322
166,sq/adsr_F♯3_42.wav,sq/adsr,F♯,3,F♯3,184.9972113558172,3.7598456149465225,2.7330878830964096,0.299389863998646,0.7249171594609595,2.7821493424961083
167,sq/adsr_E6_43.wav,sq/adsr,E,6,E6,1318.5102276514797,2.049949447511854,1.187263015669272,0.1245699518048834,0.6854597440641291,1.6111299039649596
168,sq/adsr_G♯4_44.wav,sq/adsr,G♯,4,G♯4,415.3046975799451,2.292619636634052,1.8971535166655298,0.7257079154771143,4.202974527350868,1.6072523193495503
169,sq/adsr_F♯7_45.wav,sq/adsr,F♯,7,F♯7,2959.955381693075,1.7751290437843146,3.200396894243238,0.7972929920322357,4.142475123347634,0.8819989386248138
170,sq/adsr_G♯9_46.wav,sq/adsr,G♯,9,G♯9,13289.750322558246,2.0610593562033857,1.6214591328649053,0.5477013256476055,1.835143130246581,3.522539196763504
171,sq/adsr_A♯5_47.wav,sq/adsr,A♯,5,A♯5,932.3275230361799,2.63407384638477,2.361101804177472,0.8197053418435168,1.8200789549142053,3.1847453945235524
172,sq/adsr_D6_48.wav,sq/adsr,D,6,D6,1174.6590716696303,1.1120067246858256,3.4144049396644545,0.15145711205294932,2.9484244344169985,1.1690656483964013
173,sq/adsr_A♯9_49.wav,sq/adsr,A♯,9,A♯9,14917.240368578874,2.8299664063803434,2.666210566196833,0.6419492928317484,1.369609042141364,3.1342139852814603
174,sq/adsr_D3_50.wav,sq/adsr,D,3,D3,146.8323839587038,3.263669821734284,2.4950235804022824,0.8893573801495808,2.234947723375994,2.0063588744874403
175,sq/adsr_B5_51.wav,sq/adsr,B,5,B5,987.7666025122483,3.8692275752269736,1.5004350304188487,0.42943891174670457,2.6363147170837795,1.9940226772703962
176,sq/adsr_C4_52.wav,sq/adsr,C,4,C4,261.6255653005986,4.0317348890431814,0.2596739443843929,0.012054453392262632,3.1629443318130566,2.5456468347593706
177,sq/adsr_E3_53.wav,sq/adsr,E,3,E3,164.81377845643496,3.778954450338183,2.3638583325464992,0.013813296593987223,0.23693435018027564,0.7096966771299978
178,sq/adsr_E9_54.wav,sq/adsr,E,9,E9,10548.081821211836,2.519523336347209,1.017742725108553,0.7194073018589178,2.226420646600845,3.9178374305477477
179,sq/adsr_B7_55.wav,sq/adsr,B,7,B7,3951.066410048992,2.3997545591246765,4.184658316764596,0.23767268763185045,2.28634360312707,1.1268010031742925
180,sq/adsr_G6_56.wav,sq/adsr,G,6,G6,1567.981743926997,3.7996428817536687,0.7466994729775966,0.6590053927959496,2.814525194581235,0.08280513325095884
181,sq/adsr_E4_57.wav,sq/adsr,E,4,E4,329.6275569128699,3.3732415722934346,3.6319313601449026,0.28860118030667725,2.090343690585437,0.6132948786699605
182,sq/adsr_F♯7_58.wav,sq/adsr,F♯,7,F♯7,2959.955381693075,3.5250003678289494,1.7944531799570278,0.4232757297859394,1.7453545024519688,2.935191949762054
183,sq/adsr_A3_59.wav,sq/adsr,A,3,A3,220.0,2.3754613018745414,2.7980591926319898,0.974480904467383,2.3002849899347106,1.307320377306943
184,sq/adsr_G7_60.wav,sq/adsr,G,7,G7,3135.9634878539946,3.4018186020922014,2.399608303044193,0.5056556034189141,0.8223607571629565,2.841283309607004
185,sq/adsr_C♯3_61.wav,sq/adsr,C♯,3,C♯3,138.59131548843604,2.924007340031153,3.419587863943831,0.36129593177023533,1.8689648707545854,1.1529712932587188
186,sq/adsr_C2_62.wav,sq/adsr,C,2,C2,65.40639132514966,2.7495645477483355,2.761507147555739,0.8824373499440165,3.6219941211914484,0.8669341835044758
187,sq/adsr_G9_63.wav,sq/adsr,G,9,G9,12543.853951415975,2.734917633365145,3.1120444820630238,0.8894122980425823,3.1173337339696294,1.035704150602202
188,sq/adsr_D8_64.wav,sq/adsr,D,8,D8,4698.63628667852,3.237137307312762,2.7594119279630727,0.7126964352082534,3.83314333961211,0.17030742511205535
189,sq/adsr_A♯8_65.wav,sq/adsr,A♯,8,A♯8,7458.620184289437,1.7121255897952508,3.15736126007727,0.8947844020507861,3.9494738885198037,1.1810392616076768
190,sq/adsr_D1_66.wav,sq/adsr,D,1,D1,36.70809598967594,2.4678122313836126,2.4751235172632633,0.18978442524428274,0.5987129969704594,4.4583512543826656
191,sq/adsr_B2_67.wav,sq/adsr,B,2,B2,123.47082531403103,2.4624816613591847,2.8092073853054336,0.21409017058831603,0.9622689593473738,3.766041993988008
192,sq/adsr_G♯3_68.wav,sq/adsr,G♯,3,G♯3,207.65234878997256,1.5746903298662178,1.291173986375342,0.5042101157368406,1.759714894533294,4.770461591321014
193,sq/adsr_B2_69.wav,sq/adsr,B,2,B2,123.47082531403103,4.010151645856544,1.3979543508956849,0.07991481996900562,2.731562322736125,1.860331680511646
194,sq/adsr_G♯3_70.wav,sq/adsr,G♯,3,G♯3,207.65234878997256,3.43116708305943,3.5982542878532398,0.713249704179151,0.689273862366343,2.2813047667209876
195,sq/adsr_D4_71.wav,sq/adsr,D,4,D4,293.6647679174076,2.3175119145338265,3.605270399948578,0.7542013083227324,1.410666688912454,2.666550996605141
196,sq/adsr_B5_72.wav,sq/adsr,B,5,B5,987.7666025122483,1.849923487037971,0.7900476831162223,0.2799988118768171,0.6728284596793582,3.736831128443227
197,sq/adsr_A♯1_73.wav,sq/adsr,A♯,1,A♯1,58.27047018976124,2.433281452678844,3.1953654334862325,0.14347048355443548,0.4849901924086353,3.393908078503107
198,sq/adsr_D♯6_74.wav,sq/adsr,D♯,6,D♯6,1244.5079348883237,1.9746322324057424,2.464539736379257,0.19223990790066214,1.1735307977544345,4.3872972334605675
199,sq/adsr_A♯1_75.wav,sq/adsr,A♯,1,A♯1,58.27047018976124,1.9605125843531415,2.5148459659732656,0.7797287496289944,3.9353421374080364,1.5892993122655563
200,sq/adsr_G♯9_76.wav,sq/adsr,G♯,9,G♯9,13289.750322558246,2.1074440759649775,2.247026051487404,0.3762000690741385,4.11036750294028,1.5351623696073395
201,sq/adsr_A7_77.wav,sq/adsr,A,7,A7,3520.0,2.9782491300720473,1.9403166387946609,0.309359669915404,2.78670989110463,0.5559743712244736
202,sq/adsr_C3_78.wav,sq/adsr,C,3,C3,130.8127826502993,2.0287204259981984,0.804175626179851,0.8335451618747189,4.977103852920851,0.7135074628161886
203,sq/adsr_C♯4_79.wav,sq/adsr,C♯,4,C♯4,277.1826309768721,0.9807787236036051,3.8446118579014925,0.12350816264041897,3.8392274036899647,1.3353820148049382
204,sq/adsr_C8_80.wav,sq/adsr,C,8,C8,4186.009044809578,2.0101153081921117,1.655065351641533,0.3970051321943643,2.493460475092525,3.8413588650738304
205,sq/adsr_A♯4_81.wav,sq/adsr,A♯,4,A♯4,466.1637615180899,3.8297535552683133,0.4463176602887964,0.6544858327502158,3.97147113831689,1.752457646126
206,sq/adsr_E9_82.wav,sq/adsr,E,9,E9,10548.081821211836,3.659478318296351,2.172613253098079,0.4678623081860662,1.5365023921418486,1.5230446023269835
207,sq/adsr_D♯1_83.wav,sq/adsr,D♯,1,D♯1,38.890872965260115,4.763261170067623,0.5012112558198328,0.3860983678204778,4.573196669048972,0.04874040532467927
208,sq/adsr_D♯2_84.wav,sq/adsr,D♯,2,D♯2,77.78174593052023,1.7538432840918674,3.354068605674344,0.6464557622216406,1.3799192921161572,3.5121688181176314
209,sq/adsr_G6_85.wav,sq/adsr,G,6,G6,1567.981743926997,0.5754426822215009,0.11674477091078772,0.3538227146319155,4.74330431893833,1.6492744138353026
210,sq/adsr_C1_86.wav,sq/adsr,C,1,C1,32.70319566257483,1.8306555532472382,0.2541680748739577,0.381390070963497,3.8844203880774746,4.03075598380133
211,sq/adsr_A9_87.wav,sq/adsr,A,9,A9,14080.0,1.6377968250363018,0.787353904605631,0.9292941658748998,2.5944795669404197,4.481897594640948
212,sq/adsr_C2_88.wav,sq/adsr,C,2,C2,65.40639132514966,2.471538350096893,1.7349767816816852,0.5834846833805672,2.392260603648729,3.401224264572693
213,sq/adsr_F1_89.wav,sq/adsr,F,1,F1,43.653528929125486,0.8452599645228468,4.370521326866489,0.520887821070292,1.9788492229547834,2.8053694856558806
214,sq/adsr_F5_90.wav,sq/adsr,F,5,F5,698.4564628660078,2.247500968328934,1.9361695358785806,0.5368545698128495,0.9495450195445904,0.5489632244517578
215,sq/adsr_C♯6_91.wav,sq/adsr,C♯,6,C♯6,1108.7305239074883,2.4857351193852075,4.906077637127988,0.6926963873258103,0.4805941010715842,1.9186180088529148
216,sq/adsr_D8_92.wav,sq/adsr,D,8,D8,4698.63628667852,2.5957328400403115,0.7356078303720133,0.5309602556394463,3.2969316618006674,3.371727667787008
217,sq/adsr_D9_93.wav,sq/adsr,D,9,D9,9397.272573357044,1.6943371588101952,2.831233886065273,0.7610634828372124,0.9976248449741038,1.2451357549078557
218,sq/adsr_D♯9_94.wav,sq/adsr,D♯,9,D♯9,9956.06347910659,0.9595209270761867,3.8429444787518023,0.012355923144176661,3.184754036580646,0.3538480054578308
219,sq/adsr_G1_95.wav,sq/adsr,G,1,G1,48.999429497718666,3.636890217539197,1.5244776337504264,0.5459297503755604,3.560376123828725,1.2782560248816515
220,sq/adsr_D4_96.wav,sq/adsr,D,4,D4,293.6647679174076,1.752359074723211,1.2211305951357487,0.4231794500811439,1.9826222082270069,2.731032340743882
221,sq/adsr_G♯3_97.wav,sq/adsr,G♯,3,G♯3,207.65234878997256,3.5042212026413213,0.7353261318062289,0.03185138833883083,3.226832298137831,2.53362036741462
222,sq/adsr_C♯6_98.wav,sq/adsr,C♯,6,C♯6,1108.7305239074883,1.9863431067595985,2.100410104062504,0.2038485080125767,3.0772051589436513,2.836041630234247
223,sq/adsr_G♯6_99.wav,sq/adsr,G♯,6,G♯6,1661.2187903197805,3.6500053242417274,1.2465182699752198,0.7383794423881465,0.5532091115327947,2.8814136214880826
224,sq/adsr_D♯8_100.wav,sq/adsr,D♯,8,D♯8,4978.031739553295,3.4544687420644955,1.2292480926552098,0.4185666537187789,3.0769228189573594,2.2393603463229343
225,sq/adsr_A♯4_101.wav,sq/adsr,A♯,4,A♯4,466.1637615180899,4.489602068813079,0.5889663227897918,0.4788648988282094,1.8807047490099726,2.604878628267053
226,sq/adsr_A4_102.wav,sq/adsr,A,4,A4,440.0,1.7418577375370838,2.696880566714436,0.47735045682539934,3.470659639060659,2.0906020566878225
227,sq/adsr_A1_103.wav,sq/adsr,A,1,A1,55.0,3.775830943091591,2.648779309210803,0.6540526970818984,2.9866029521803306,0.5887867955172745
228,sq/adsr_A3_104.wav,sq/adsr,A,3,A3,220.0,3.3305351155597043,1.263640285407622,0.44144986371831574,2.584632647585988,2.821191951446686
229,sq/adsr_G♯7_105.wav,sq/adsr,G♯,7,G♯7,3322.437580639561,3.121748830900452,2.343570390811498,0.047108128500007895,2.222699694505539,2.31198108378251
230,sq/adsr_D3_106.wav,sq/adsr,D,3,D3,146.8323839587038,1.3241264443246388,1.9075751606146738,0.9300812928637979,3.2474461923299214,3.520852202730767
231,sq/adsr_E7_107.wav,sq/adsr,E,7,E7,2637.02045530296,0.4479093240223947,0.2791987837281157,0.7142332517767372,1.9062458669899156,2.0978844718870127
232,sq/adsr_F♯9_108.wav,sq/adsr,F♯,9,F♯9,11839.8215267723,1.370064394594273,0.46265147299985987,0.624778038714241,3.6172457817634234,3.0690022244960016
233,sq/adsr_F8_109.wav,sq/adsr,F,8,F8,5587.651702928062,3.278872924974472,1.4709612159420415,0.8156002116571855,1.2049045097193611,1.4705762615984685
234,sq/adsr_A9_110.wav,sq/adsr,A,9,A9,14080.0,2.1955995134477666,2.9453248369671248,0.6624735884042311,2.125340029080189,2.73373562050492
235,sq/adsr_E6_111.wav,sq/adsr,E,6,E6,1318.5102276514797,2.948272341913647,0.49987703154857566,0.7805918114142647,1.4359969101895464,2.6419508882630875
236,sq/adsr_F6_112.wav,sq/adsr,F,6,F6,1396.9129257320155,1.0694200949850174,2.9147178908205214,0.18965272528398502,2.761362195060234,2.899406770033281
237,sq/adsr_C♯4_113.wav,sq/adsr,C♯,4,C♯4,277.1826309768721,0.6715444457224266,3.3821846656616072,0.06499297298906281,3.327074290746536,2.6191965978694296
238,sq/adsr_D♯5_114.wav,sq/adsr,D♯,5,D♯5,622.2539674441618,0.475957269703563,3.3408644917018693,0.47558045496477486,1.2383318311832758,3.8304568614311867
239,sq/adsr_C5_115.wav,sq/adsr,C,5,C5,523.2511306011972,2.7858258009656773,3.276266743874074,0.0665677350650532,2.324611676681301,1.6132957784789475
240,sq/adsr_F♯8_116.wav,sq/adsr,F♯,8,F♯8,5919.91076338615,1.901887539528855,1.9845043206772868,0.6999169655020114,2.6848064343184794,3.428801705475379
241,sq/adsr_F♯4_117.wav,sq/adsr,F♯,4,F♯4,369.9944227116344,1.485637410614259,2.222644542933256,0.7178315304927506,3.9300376368696095,0.4908985342562544
242,sq/adsr_G8_118.wav,sq/adsr,G,8,G8,6271.926975707989,2.9954349908705695,1.814465378541616,0.5696798897579924,2.521673706527397,2.668425924060417
243,sq/adsr_A6_119.wav,sq/adsr,A,6,A6,1760.0,4.193539137592641,2.7575216505914995,0.6783308845730394,0.6920860518809141,1.4091929947372956
244,sq/adsr_B3_120.wav,sq/adsr,B,3,B3,246.94165062806206,0.23453250746130108,3.2141547285521126,0.3264482852218834,2.893408654176498,3.6579041098100884
245,sq/adsr_E9_121.wav,sq/adsr,E,9,E9,10548.081821211836,0.7625133977987131,2.2845780136867893,0.6082421425538023,0.34295242124667114,0.7019837450085314
246,sq/adsr_B1_122.wav,sq/adsr,B,1,B1,61.7354126570155,1.2077112203898195,1.1531511679331912,0.7774632353359322,2.6425950812855303,4.207395223300458
247,sq/adsr_C3_123.wav,sq/adsr,C,3,C3,130.8127826502993,1.3496380757246491,4.10371434836714,0.5883673583374952,2.6056826921184846,1.940964883789727
248,sq/adsr_B2_124.wav,sq/adsr,B,2,B2,123.47082531403103,4.499205887118894,2.5563701265274386,0.04807081876784891,2.6381550594519236,0.3062689269017438
249,sq/adsr_G1_125.wav,sq/adsr,G,1,G1,48.999429497718666,0.7518637265641537,3.8523977776310385,0.11204795001777812,1.246650228214949,0.4792017592695852
250,tri/adsr_G♯6_1.wav,tri/adsr,G♯,6,G♯6,1661.2187903197805,3.028955621476545,3.339245736299161,0.5903801291547671,0.11668805433335029,3.5151105878909434
251,tri/adsr_A8_2.wav,tri/adsr,A,8,A8,7040.0,1.1208483049738638,3.6883764088837667,0.0778932628850958,0.7943321363532885,4.39644314978908
252,tri/adsr_B6_3.wav,tri/adsr,B,6,B6,1975.533205024496,2.683730147698484,4.1637691787770565,0.49311388144925183,0.2694724595095893,0.49273031231116315
253,tri/adsr_F3_4.wav,tri/adsr,F,3,F3,174.61411571650194,2.28375492477979,1.3296190400148804,0.5123919816086704,3.5504679998002904,1.5510796862521343
254,tri/adsr_F♯9_5.wav,tri/adsr,F♯,9,F♯9,11839.8215267723,3.3767090128260677,3.3379702231689303,0.2432170183837966,3.2188783580906364,0.06644240591436572
255,tri/adsr_G♯7_6.wav,tri/adsr,G♯,7,G♯7,3322.437580639561,1.798032935968907,4.024948570700905,0.44791445849271505,2.5968197074295527,1.5801987859006348
256,tri/adsr_B5_7.wav,tri/adsr,B,5,B5,987.7666025122483,1.661441290508775,3.6893605510952843,0.8194925390874203,2.220507002366434,2.428691156029508
257,tri/adsr_D♯2_8.wav,tri/adsr,D♯,2,D♯2,77.78174593052023,4.043403240526658,0.09524251516825566,0.6700920588991951,2.491055756945073,1.8985149107930606
258,tri/adsr_G♯6_9.wav,tri/adsr,G♯,6,G♯6,1661.2187903197805,2.6404086854361983,1.5554145690558876,0.2614410912207814,3.127907259079276,2.6762694864286374
259,tri/adsr_A♯6_10.wav,tri/adsr,A♯,6,A♯6,1864.6550460723597,1.9797663019633878,2.766774699067885,0.1340721690534501,2.100781140279076,3.1526778586896516
260,tri/adsr_A5_11.wav,tri/adsr,A,5,A5,880.0,2.1310431885982837,4.011723601894602,0.9550881252001253,1.3140341115720195,2.543199097935095
261,tri/adsr_F♯2_12.wav,tri/adsr,F♯,2,F♯2,92.4986056779086,1.24574587723534,3.99707009561847,0.08111789633900446,1.478684725727103,3.278499301419086
262,tri/adsr_D5_13.wav,tri/adsr,D,5,D5,587.3295358348151,2.691858237657858,2.8837990871398596,0.5418783012584822,3.938074280134952,0.48626839506733144
263,tri/adsr_G♯1_14.wav,tri/adsr,G♯,1,G♯1,51.91308719749314,2.394453184133595,1.6163978805690271,0.68905307227587,3.4819867411003487,1.8100965668854851
264,tri/adsr_A5_15.wav,tri/adsr,A,5,A5,880.0,0.7646648608041878,1.3414323905991883,0.9418311793132041,2.2260946413871467,4.676019134406612
265,tri/adsr_D♯6_16.wav,tri/adsr,D♯,6,D♯6,1244.5079348883237,0.4656086891575201,1.6983625523990926,0.21736774787373414,1.0231751023076892,4.514285004727876
266,tri/adsr_A♯1_17.wav,tri/adsr,A♯,1,A♯1,58.27047018976124,4.208533116089293,2.7967856856428615,0.3504239148301601,0.528849918593754,1.4793632586591554
267,tri/adsr_G8_18.wav,tri/adsr,G,8,G8,6271.926975707989,0.3067516307276025,0.9441655864988185,0.26452671092512803,3.320674890060518,3.2885521058676415
268,tri/adsr_C9_19.wav,tri/adsr,C,9,C9,8372.018089619156,1.584825514918116,2.591358325763114,0.7459908854243347,3.814597389728487,2.0092187695902832
269,tri/adsr_C4_20.wav,tri/adsr,C,4,C4,261.6255653005986,1.3807311376872784,2.9291389359589632,0.4965461857551693,3.5196920483331313,2.1704378780206266
270,tri/adsr_D♯5_21.wav,tri/adsr,D♯,5,D♯5,622.2539674441618,2.7786669572428164,1.2888812170403485,0.5375115931966242,1.465669880064791,1.8433497320658243
271,tri/adsr_F1_22.wav,tri/adsr,F,1,F1,43.653528929125486,4.210375533440222,1.260176287456367,0.24145079660342217,0.21488539287298866,4.314562786230424
272,tri/adsr_D2_23.wav,tri/adsr,D,2,D2,73.41619197935188,2.3478764385597253,0.40487354421704147,0.25108807490099283,3.7691047373843847,3.478145279838849
273,tri/adsr_C♯3_24.wav,tri/adsr,C♯,3,C♯3,138.59131548843604,3.9714968043237264,0.5763358262601775,0.8225474178307156,1.3349687579229226,0.9281375777673634
274,tri/adsr_G♯2_25.wav,tri/adsr,G♯,2,G♯2,103.82617439498628,2.72043726884558,2.6138256086664255,0.731770066808587,2.461381381688226,2.2043557407997683
275,tri/adsr_F2_26.wav,tri/adsr,F,2,F2,87.30705785825097,2.1948867432858887,2.1588191926370284,0.7462322504988925,3.297122792678549,2.3491712713985335
276,tri/adsr_D♯3_27.wav,tri/adsr,D♯,3,D♯3,155.56349186104046,2.305818307178202,3.549958787049926,0.376716257166942,3.8321156377692582,0.31210726800261474
277,tri/adsr_D♯7_28.wav,tri/adsr,D♯,7,D♯7,2489.0158697766474,2.420876402617897,0.5473386836567551,0.6028465746796009,1.9304217581523342,4.349795941070127
278,tri/adsr_F♯2_29.wav,tri/adsr,F♯,2,F♯2,92.4986056779086,3.32351545571989,3.436592018320296,0.5153570989692168,1.2518589337926755,1.9880335921671386
279,tri/adsr_G♯7_30.wav,tri/adsr,G♯,7,G♯7,3322.437580639561,2.1878668690902554,2.1042240545014352,0.6803184082656213,2.1829686884899733,3.5249403879183356
280,tri/adsr_C3_31.wav,tri/adsr,C,3,C3,130.8127826502993,2.0731159400882655,3.308431499443969,0.6250832500642205,1.6067157375547672,3.0117368229129977
281,tri/adsr_F1_32.wav,tri/adsr,F,1,F1,43.653528929125486,3.306072513839255,0.3531776711815032,0.7757738568320326,2.1430636011580866,1.0347660880188259
282,tri/adsr_E9_33.wav,tri/adsr,E,9,E9,10548.081821211836,2.832868888382726,2.113824742337415,0.27751565854461435,0.9079257498184873,2.294598103504387
283,tri/adsr_A♯5_34.wav,tri/adsr,A♯,5,A♯5,932.3275230361799,4.302577910778872,3.9729674776583135,0.47037856900759145,0.22671558418069115,0.7550344986943114
284,tri/adsr_G♯7_35.wav,tri/adsr,G♯,7,G♯7,3322.437580639561,3.300585810281853,3.901132589442773,0.4972770421374447,1.2635407730944646,1.5347408271809106
285,tri/adsr_D4_36.wav,tri/adsr,D,4,D4,293.6647679174076,3.349241204446984,2.7575490411620804,0.5790126417318056,2.4544017528254356,1.4388080015655
286,tri/adsr_A9_37.wav,tri/adsr,A,9,A9,14080.0,3.053753749546412,0.5128066965089956,0.06830266836225352,0.9051985653826067,2.883140345165253
287,tri/adsr_F8_38.wav,tri/adsr,F,8,F8,5587.651702928062,2.3210829523012717,0.9457766396965361,0.8522297870137567,0.37589210902760295,2.5170857378729687
288,tri/adsr_C5_39.wav,tri/adsr,C,5,C5,523.2511306011972,2.3595229117752954,1.0902168336631701,0.23778650812207214,0.28995925522582733,3.9798051094297655
289,tri/adsr_A♯1_40.wav,tri/adsr,A♯,1,A♯1,58.27047018976124,1.1545361914006669,4.806782772916224,0.9683997151783474,1.196412606555013,1.1858756252215763
290,tri/adsr_D3_41.wav,tri/adsr,D,3,D3,146.8323839587038,1.726560262798733,2.56659189338334,0.15978605319445938,2.6574873519879008,3.0493604918300266
291,tri/adsr_F8_42.wav,tri/adsr,F,8,F8,5587.651702928062,1.6952244107401915,0.779339221073454,0.3360075178478431,2.4342995604887925,4.1480369499987
292,tri/adsr_B5_43.wav,tri/adsr,B,5,B5,987.7666025122483,3.5690617832353033,3.245585564844931,0.9581373293546156,2.3966782493915577,0.7886744025282094
293,tri/adsr_C1_44.wav,tri/adsr,C,1,C1,32.70319566257483,0.3853737156928627,3.117030034358645,0.797674637566777,2.4401356034797237,3.794537795036741
294,tri/adsr_C♯8_45.wav,tri/adsr,C♯,8,C♯8,4434.922095629953,2.4276293984158457,0.980532360440885,0.8515915771074463,2.295744137383355,2.425490438907217
295,tri/adsr_D5_46.wav,tri/adsr,D,5,D5,587.3295358348151,2.120037358759398,0.3848478654344073,0.7243749877296985,4.755885760983162,0.4144331465220391
296,tri/adsr_A♯8_47.wav,tri/adsr,A♯,8,A♯8,7458.620184289437,3.761311075076757,2.03515666435805,0.9035610756016257,3.0159744643397164,1.1875577962254766
297,tri/adsr_B5_48.wav,tri/adsr,B,5,B5,987.7666025122483,3.577290280020663,1.329880243500836,0.14545950845814737,2.9166290515745965,2.176200424903905
298,tri/adsr_D1_49.wav,tri/adsr,D,1,D1,36.70809598967594,3.1217520046158,1.428781086555774,0.8553649259771754,3.561003115809181,1.888463793019246
299,tri/adsr_D♯1_50.wav,tri/adsr,D♯,1,D♯1,38.890872965260115,3.0303294727174137,1.7909901623307054,0.1033237919091512,2.8334240463611424,2.345256318590737
300,tri/adsr_D♯1_51.wav,tri/adsr,D♯,1,D♯1,38.890872965260115,0.8799474416326297,0.6215864897710194,0.4267779501129959,2.979522174509561,0.6355641670082718
301,tri/adsr_D1_52.wav,tri/adsr,D,1,D1,36.70809598967594,1.1447557510321917,2.664436368238357,0.7147144500119598,2.910324330886854,3.280483549842597
302,tri/adsr_A9_53.wav,tri/adsr,A,9,A9,14080.0,0.3155841878238047,3.8884871844447906,0.13772832150134307,2.217034813845889,3.493744259691145
303,tri/adsr_D3_54.wav,tri/adsr,D,3,D3,146.8323839587038,2.928446062904462,1.6840258972457027,0.8597642641937868,2.531748713875059,2.8557793259747766
304,tri/adsr_F5_55.wav,tri/adsr,F,5,F5,698.4564628660078,2.042918770594961,2.369419695507604,0.791980124348687,0.07088451840291721,3.824089296865421
305,tri/adsr_F9_56.wav,tri/adsr,F,9,F9,11175.303405856126,3.8171475539536193,0.27747402716900016,0.7279983625126429,0.8972065640349736,3.29366953227861
306,tri/adsr_G3_57.wav,tri/adsr,G,3,G3,195.99771799087463,2.764090836633532,3.0433704882602366,0.03937091504971235,0.9752517486317193,3.2172869264745123
307,tri/adsr_D8_58.wav,tri/adsr,D,8,D8,4698.63628667852,0.5758187949147775,2.3143052459471503,0.8725734174899072,3.714339693544244,3.155803102705941
308,tri/adsr_C6_59.wav,tri/adsr,C,6,C6,1046.5022612023945,3.2361730106966693,0.00805841855054723,0.8262514766227439,2.484772033125464,3.897270136298565
309,tri/adsr_D5_60.wav,tri/adsr,D,5,D5,587.3295358348151,0.40436458909134665,3.8765963325587185,0.5756452083307633,3.9038853180803166,1.7739792451542857
310,tri/adsr_F♯7_61.wav,tri/adsr,F♯,7,F♯7,2959.955381693075,2.2093869084393134,0.21270002200981464,0.5323950478357286,0.16053106386668126,0.9893813261264967
311,tri/adsr_B6_62.wav,tri/adsr,B,6,B6,1975.533205024496,0.332479825580106,2.5892643737960745,0.4098091597113245,3.9199541641926205,3.158301636431199
312,tri/adsr_G♯5_63.wav,tri/adsr,G♯,5,G♯5,830.6093951598903,3.4213075913441378,3.862118192117183,0.2622132693834237,1.4137514112128835,0.5195267166561179
313,tri/adsr_F5_64.wav,tri/adsr,F,5,F5,698.4564628660078,1.1562795137519386,3.794096480834409,0.21447552412672743,2.3286481061644295,2.7209758992492232
314,tri/adsr_F♯6_65.wav,tri/adsr,F♯,6,F♯6,1479.9776908465376,1.305429050088172,3.7467026313309897,0.3641980647797941,3.1384086752605937,1.8094596433202434
315,tri/adsr_A1_66.wav,tri/adsr,A,1,A1,55.0,3.300856946242408,0.3036813665678938,0.3517600644956671,3.6345030505513605,2.760958636638338
316,tri/adsr_E2_67.wav,tri/adsr,E,2,E2,82.4068892282175,2.1316733471287557,3.135089695906743,0.0674094836568504,2.952136118070973,1.7811008388935292
317,tri/adsr_F♯4_68.wav,tri/adsr,F♯,4,F♯4,369.9944227116344,4.14888290336144,1.3524499138273784,0.5334955612338372,4.199566627305561,0.29910055550562004
318,tri/adsr_G4_69.wav,tri/adsr,G,4,G4,391.99543598174927,2.7108260118581127,4.33921763642506,0.4017263403827742,2.706294178001645,0.24366217371518234
319,tri/adsr_C4_70.wav,tri/adsr,C,4,C4,261.6255653005986,2.602209932721617,0.5193794049809053,0.9910176186454014,1.4751017973046592,2.452318275461378
320,tri/adsr_G♯2_71.wav,tri/adsr,G♯,2,G♯2,103.82617439498628,1.753939657134936,3.8716931972078217,0.14435260599364452,2.5249347092211836,1.8494324364360584
321,tri/adsr_E5_72.wav,tri/adsr,E,5,E5,659.2551138257398,0.9336289729085112,1.0651949612634193,0.20894672040473738,3.9751382586340838,2.4661940468050108
322,tri/adsr_D6_73.wav,tri/adsr,D,6,D6,1174.6590716696303,0.45107738792152996,3.842878152056685,0.08399066724462567,3.644259422935403,2.0617850370863837
323,tri/adsr_A♯6_74.wav,tri/adsr,A♯,6,A♯6,1864.6550460723597,3.2404047851451216,2.9469831987450266,0.018078657366975115,0.15903189472159956,3.6535801213882526
324,tri/adsr_D♯6_75.wav,tri/adsr,D♯,6,D♯6,1244.5079348883237,2.8161186944341825,3.1979097925320947,0.14515990355938524,0.6452568726056291,3.3407146404280934
325,tri/adsr_E9_76.wav,tri/adsr,E,9,E9,10548.081821211836,2.736811098567056,3.2366696109696553,0.76081249726911,1.8337894833124402,2.068991074559949
326,tri/adsr_C3_77.wav,tri/adsr,C,3,C3,130.8127826502993,1.468125113221228,1.266789433435556,0.2914640926586912,1.453791407103378,4.305270752469017
327,tri/adsr_B5_78.wav,tri/adsr,B,5,B5,987.7666025122483,2.860579998119473,1.799126302460034,0.847835158196267,0.9048238751502818,4.4354698242702115
328,tri/adsr_A9_79.wav,tri/adsr,A,9,A9,14080.0,2.3049898731075693,1.329399575177297,0.5208662807553325,2.3513183920385385,0.4777316320693098
329,tri/adsr_G9_80.wav,tri/adsr,G,9,G9,12543.853951415975,1.4857755422163255,0.26369529728176355,0.8065694048609451,0.9037557884762065,2.3260506554835887
330,tri/adsr_E9_81.wav,tri/adsr,E,9,E9,10548.081821211836,1.8942659043270023,1.9455877127854142,0.3359942101461493,3.472845445944448,2.6873009369431347
331,tri/adsr_D5_82.wav,tri/adsr,D,5,D5,587.3295358348151,1.2401678817436097,2.862940607365483,0.07035779327128311,2.5754272926165003,3.321464218274405
332,tri/adsr_C♯2_83.wav,tri/adsr,C♯,2,C♯2,69.29565774421802,0.9926086507493342,2.5173808884852678,0.23637102839112956,0.6752892913084424,4.370927455318208
333,tri/adsr_B8_84.wav,tri/adsr,B,8,B8,7902.132820097988,1.5763270249208403,3.7270440787367987,0.07024298505118531,4.432817974357755,0.2638109219846066
334,tri/adsr_D9_85.wav,tri/adsr,D,9,D9,9397.272573357044,0.08448584962510719,4.272916812766786,0.9637372036030087,1.3932303431115722,0.2351279435039677
335,tri/adsr_C♯5_86.wav,tri/adsr,C♯,5,C♯5,554.3652619537442,0.7029279426213392,0.9722067458185091,0.15002731590739904,0.4949635983512518,4.926713745760399
336,tri/adsr_A♯7_87.wav,tri/adsr,A♯,7,A♯7,3729.3100921447194,3.622067056026952,2.1236200417770252,0.38701123966872075,2.202008269366187,2.0523046328298356
337,tri/adsr_G8_88.wav,tri/adsr,G,8,G8,6271.926975707989,3.908072095655727,1.1831837823305282,0.7411737827372068,3.121402632151699,1.7873414898620446
338,tri/adsr_A1_89.wav,tri/adsr,A,1,A1,55.0,2.2159049597366494,2.8295534506173294,0.5929476923854865,2.3316148047938774,2.622926784852144
339,tri/adsr_E5_90.wav,tri/adsr,E,5,E5,659.2551138257398,2.00311077200207,2.7491855244274057,0.6972086463790655,2.4069579055205845,2.8407457980499387
340,tri/adsr_C4_91.wav,tri/adsr,C,4,C4,261.6255653005986,4.672253532675753,0.8609985099483258,0.08038039002933317,1.5974849397424133,2.7338222105925074
341,tri/adsr_A♯4_92.wav,tri/adsr,A♯,4,A♯4,466.1637615180899,3.790976756929626,2.757475099484389,0.17806966763075138,2.8706533448210383,0.25508820263766885
342,tri/adsr_E2_93.wav,tri/adsr,E,2,E2,82.4068892282175,4.255890134788571,0.8545856454830628,0.9270726761633122,2.2446596271838053,2.64486459254456
343,tri/adsr_G♯4_94.wav,tri/adsr,G♯,4,G♯4,415.3046975799451,2.582516664569706,0.530458283386872,0.8017057411238167,3.584336462754015,3.302688589289407
344,tri/adsr_A♯9_95.wav,tri/adsr,A♯,9,A♯9,14917.240368578874,4.032519581541381,0.5561907728560761,0.9735578997427098,2.741167155576758,2.670122490025786
345,tri/adsr_E9_96.wav,tri/adsr,E,9,E9,10548.081821211836,1.5005869967171592,1.6690653376985531,0.15904702369506074,0.28964637063494947,0.8720103543798513
346,tri/adsr_A5_97.wav,tri/adsr,A,5,A5,880.0,4.7536194801300935,0.4548300862990362,0.15861224992552747,0.23003818623323402,1.28679107661123
347,tri/adsr_C♯7_98.wav,tri/adsr,C♯,7,C♯7,2217.4610478149766,1.9737893722017699,0.6020563906223227,0.38707260489889894,4.087306653658014,3.3368475835178932
348,tri/adsr_C♯2_99.wav,tri/adsr,C♯,2,C♯2,69.29565774421802,4.117685540904362,3.0995104656656003,0.20782609316536893,1.7214232620277994,1.0613807314022379
349,tri/adsr_D7_100.wav,tri/adsr,D,7,D7,2349.31814333926,2.721633743350896,2.614481666779682,0.9219746138324442,2.22865425093503,2.4352303389343932
350,tri/adsr_D♯7_101.wav,tri/adsr,D♯,7,D♯7,2489.0158697766474,0.14945835529868445,4.783367682667525,0.9745903159304562,1.2072914442324956,3.758238470016455
351,tri/adsr_B3_102.wav,tri/adsr,B,3,B3,246.94165062806206,4.13013698721307,2.7905574694392064,0.11216400670133742,1.0459005431611668,2.0334050001865567
352,tri/adsr_D♯6_103.wav,tri/adsr,D♯,6,D♯6,1244.5079348883237,3.881225409164522,4.270835878674339,0.7889638758137854,1.5712707030089001,0.27666800915224127
353,tri/adsr_B7_104.wav,tri/adsr,B,7,B7,3951.066410048992,2.7231446974418674,4.341678166144595,0.8833610362535157,2.4336062304000787,0.1997740272601678
354,tri/adsr_E7_105.wav,tri/adsr,E,7,E7,2637.02045530296,2.657036757516027,2.2630704513607385,0.8705571327581494,2.7714332585259687,0.8881206936081054
355,tri/adsr_B8_106.wav,tri/adsr,B,8,B8,7902.132820097988,0.9867828998489014,0.7704740035604013,0.5846119989326203,0.35668121362979865,1.5329684959212546
356,tri/adsr_C♯7_107.wav,tri/adsr,C♯,7,C♯7,2217.4610478149766,3.3194895606262365,0.5956037932130568,0.22804591115968154,3.2115807287245874,2.8733259174361194
357,tri/adsr_C♯4_108.wav,tri/adsr,C♯,4,C♯4,277.1826309768721,1.1800941685120796,2.9446606184459583,0.6724251485361837,2.7159338470183036,3.1593113660236596
358,tri/adsr_G2_109.wav,tri/adsr,G,2,G2,97.99885899543733,2.6513214278685537,1.0615105702147176,0.016290053433114515,4.0315455827374524,1.681261795303986
359,tri/adsr_A2_110.wav,tri/adsr,A,2,A2,110.0,0.11485026128100762,0.09380376582213301,0.49077916455333614,0.7333725442253108,1.2847901333403615
360,tri/adsr_F♯8_111.wav,tri/adsr,F♯,8,F♯8,5919.91076338615,3.7853429008679664,2.122976401112586,0.27862850285481333,2.8137808590488493,1.2778998389705978
361,tri/adsr_D♯5_112.wav,tri/adsr,D♯,5,D♯5,622.2539674441618,0.8288082746861908,2.492530653726546,0.5154770730056648,4.734169065043029,1.5046134475041884
362,tri/adsr_E4_113.wav,tri/adsr,E,4,E4,329.6275569128699,0.2573034604190977,3.6487566774929965,0.7358231475255145,2.107345258329863,2.0748886800562083
363,tri/adsr_F1_114.wav,tri/adsr,F,1,F1,43.653528929125486,0.46632731498978564,1.5732071858880774,0.588441098527175,0.24885542803482097,4.439823522853678
364,tri/adsr_D5_115.wav,tri/adsr,D,5,D5,587.3295358348151,2.1258910434897906,0.46704708623582447,0.8262234435915008,0.05165742723399758,0.9142809924791229
365,tri/adsr_C7_116.wav,tri/adsr,C,7,C7,2093.004522404789,4.278907163179805,2.4451618428423822,0.3141678322325785,0.7642527607067107,2.511678233271102
366,tri/adsr_F6_117.wav,tri/adsr,F,6,F6,1396.9129257320155,3.6167022989979984,1.7566079559062515,0.8668753710951683,4.20837833841938,0.4183114066763707
367,tri/adsr_C2_118.wav,tri/adsr,C,2,C2,65.40639132514966,1.5319078239894601,0.11372559308524599,0.6201835442520255,0.6138695787547072,1.4562575776892417
368,tri/adsr_C♯4_119.wav,tri/adsr,C♯,4,C♯4,277.1826309768721,2.7554312480921093,2.5813329740579336,0.1846404815909113,3.3314777311266206,1.3317580467233356
369,tri/adsr_D9_120.wav,tri/adsr,D,9,D9,9397.272573357044,0.9012825483005974,3.1563752357072947,0.0115236474572451,3.3195050514977793,2.622837164494329
370,tri/adsr_D2_121.wav,tri/adsr,D,2,D2,73.41619197935188,2.916162768203567,2.0510615094515625,0.033038065894923085,2.7244818958660515,2.3082938264788186
371,tri/adsr_D♯2_122.wav,tri/adsr,D♯,2,D♯2,77.78174593052023,2.9304989219671516,3.936852150976795,0.5390560970810296,0.7575631041770707,2.375085822878982
372,tri/adsr_A8_123.wav,tri/adsr,A,8,A8,7040.0,3.103137658488165,2.796132595673128,0.9280365339719325,0.5898455402239888,3.5108842056147185
373,tri/adsr_A♯5_124.wav,tri/adsr,A♯,5,A♯5,932.3275230361799,2.5516254838702634,3.6116664266743363,0.9668742819017896,1.2979734419758309,1.7820034217503484
374,tri/adsr_G7_125.wav,tri/adsr,G,7,G7,3135.9634878539946,1.5034268393155559,3.9945419823541553,0.36883036643663347,3.806521401656589,0.6955097766737
375,saw/adsr_A♯7_1.wav,saw/adsr,A♯,7,A♯7,3729.3100921447194,2.997390564499249,0.15149746219857263,0.25917774718333497,3.3358262952919784,2.5720742078715713
376,saw/adsr_A9_2.wav,saw/adsr,A,9,A9,14080.0,3.124831897328171,3.3037950248466483,0.3378084977656233,0.2904209336923891,1.8473737241267445
377,saw/adsr_C3_3.wav,saw/adsr,C,3,C3,130.8127826502993,2.8615262544189153,2.802153458040295,0.22671342713307607,2.172094844092361,2.1642254434484265
378,saw/adsr_C3_4.wav,saw/adsr,C,3,C3,130.8127826502993,2.52626843265011,1.292516023872238,0.573970620129567,2.5668609933327433,3.6143545501449097
379,saw/adsr_E3_5.wav,saw/adsr,E,3,E3,164.81377845643496,2.7866663377528997,0.9584944130334061,0.34637810170245387,1.8150206369251327,3.057178676687088
380,saw/adsr_A8_6.wav,saw/adsr,A,8,A8,7040.0,1.0824597216551364,3.8820765490691533,0.3357573648845106,2.0207570906213363,3.014706638654375
381,saw/adsr_G1_7.wav,saw/adsr,G,1,G1,48.999429497718666,2.7410045903162503,2.11128562422646,0.6409271043751582,2.435381163097529,1.639574895085445
382,saw/adsr_G4_8.wav,saw/adsr,G,4,G4,391.99543598174927,0.5596286828528398,3.6023362150082394,0.04865509785042077,3.72044847085321,2.117586631285711
383,saw/adsr_E5_9.wav,saw/adsr,E,5,E5,659.2551138257398,3.398363124685574,1.4207909939642405,0.9410206605203533,4.030585937507877,1.1502599438423073
384,saw/adsr_E1_10.wav,saw/adsr,E,1,E1,41.20344461410875,1.4009944830338819,2.485203740786477,0.6581653469460511,2.8906845550475313,3.2231172211321106
385,saw/adsr_F♯9_11.wav,saw/adsr,F♯,9,F♯9,11839.8215267723,1.8565028499742267,2.6039730384407247,0.579261418995259,2.8549615560473227,2.684562555537727
386,saw/adsr_D♯1_12.wav,saw/adsr,D♯,1,D♯1,38.890872965260115,3.8266099685046604,2.6002974477512404,0.8039348482075658,0.18918613024366787,3.3839064535004315
387,saw/adsr_D♯3_13.wav,saw/adsr,D♯,3,D♯3,155.56349186104046,1.8463700904457343,1.8065684477991168,0.6807616941293348,0.2516563342363476,1.6398239609884784
388,saw/adsr_E8_14.wav,saw/adsr,E,8,E8,5274.04091060592,2.1781974972695686,0.10926482144174406,0.115298236187377,3.965788049101423,3.746749632187265
389,saw/adsr_G♯7_15.wav,saw/adsr,G♯,7,G♯7,3322.437580639561,3.9225212238969256,3.167770989536537,0.8067644536932178,2.0698770047159325,0.8398307818506058
390,saw/adsr_G6_16.wav,saw/adsr,G,6,G6,1567.981743926997,1.8778747544825132,2.371835191209856,0.845089374883957,2.0250908216132952,2.3261984954613912
391,saw/adsr_A4_17.wav,saw/adsr,A,4,A4,440.0,3.326545401656592,2.5886954708169614,0.9423255077435209,0.7768919085333256,3.3078672189931213
392,saw/adsr_A♯8_18.wav,saw/adsr,A♯,8,A♯8,7458.620184289437,1.7697040840255491,0.14067656395651718,0.7099718707230834,4.3412837841797,2.3532040500236224
393,saw/adsr_D4_19.wav,saw/adsr,D,4,D4,293.6647679174076,1.71404328896398,0.12790315032657762,0.6777739397929755,4.4371758792710825,2.8595281010447997
394,saw/adsr_C9_20.wav,saw/adsr,C,9,C9,8372.018089619156,1.564073184147206,2.1355468897316667,0.3391713808075745,1.3926660911891928,4.9077138349319345
395,saw/adsr_G♯3_21.wav,saw/adsr,G♯,3,G♯3,207.65234878997256,0.40925016730170904,1.8901249764967538,0.046049580678762636,1.8987240640670011,2.7377420765055445
396,saw/adsr_D2_22.wav,saw/adsr,D,2,D2,73.41619197935188,1.4396625183366687,2.778915139511427,0.8564519096938533,3.4293479757197867,2.3520743664321175
397,saw/adsr_A5_23.wav,saw/adsr,A,5,A5,880.0,2.3339122305256774,3.459479336049783,0.35348754234169566,1.7636115135376618,2.4429969198868773
398,saw/adsr_F2_24.wav,saw/adsr,F,2,F2,87.30705785825097,4.832442229691395,1.8780293786894764,0.30651647903417867,2.3650116123556946,0.5325765115810616
399,saw/adsr_A1_25.wav,saw/adsr,A,1,A1,55.0,4.609153032709189,0.018116689095041598,0.8979665468777317,1.7272612860432928,3.6454689921524768
400,saw/adsr_F1_26.wav,saw/adsr,F,1,F1,43.653528929125486,1.2431734659153704,3.8441035369399223,0.3865235242203292,1.4728191087898939,3.4399038883548125
401,saw/adsr_C9_27.wav,saw/adsr,C,9,C9,8372.018089619156,0.9225627974240558,4.957536660019755,0.7326614882029491,0.6819605528091338,0.5381013159563347
402,saw/adsr_A♯1_28.wav,saw/adsr,A♯,1,A♯1,58.27047018976124,1.4934553486299917,3.0586613610557736,0.08775174904716576,0.2798593284216,0.49058350521473615
403,saw/adsr_C2_29.wav,saw/adsr,C,2,C2,65.40639132514966,3.8033111088073124,2.489195304970693,0.2564036197009726,0.24011319286099675,1.6314121531357832
404,saw/adsr_E2_30.wav,saw/adsr,E,2,E2,82.4068892282175,0.43273258566710215,1.170397939516949,0.35139804466042746,3.0703541138758954,3.0396048741872344
405,saw/adsr_E4_31.wav,saw/adsr,E,4,E4,329.6275569128699,3.649659948785593,2.420369797034077,0.25454111845572025,2.1333816878917067,1.7965885662886227
406,saw/adsr_F♯7_32.wav,saw/adsr,F♯,7,F♯7,2959.955381693075,1.173321168981511,3.11173402746162,0.6691026396645781,2.2350742679729905,3.4798705355838786
407,saw/adsr_F3_33.wav,saw/adsr,F,3,F3,174.61411571650194,1.8688657444317318,2.8602765333931486,0.6856802599634215,1.5298749482012213,3.740982773973899
408,saw/adsr_G3_34.wav,saw/adsr,G,3,G3,195.99771799087463,2.7244359710663106,1.3519166397136555,0.3553286943848061,1.912160599141592,2.59778887921589
409,saw/adsr_D♯4_35.wav,saw/adsr,D♯,4,D♯4,311.1269837220809,1.2227624157166306,4.0281899375351875,0.6242787565545453,2.73022581961445,0.14751792786206808
410,saw/adsr_B9_36.wav,saw/adsr,B,9,B9,15804.265640195976,3.1683419322498594,4.092402891789058,0.015503709534735899,2.160677245985065,0.5785779299760193
411,saw/adsr_B2_37.wav,saw/adsr,B,2,B2,123.47082531403103,3.238417153124096,1.2385969350173376,0.5309571363204005,1.9058075190440107,3.617178392814557
412,saw/adsr_F5_38.wav,saw/adsr,F,5,F5,698.4564628660078,2.5983860176883793,3.475495700387034,0.23856397497455906,2.346554410105734,0.6751835248669863
413,saw/adsr_G6_39.wav,saw/adsr,G,6,G6,1567.981743926997,2.8921449154333416,0.9213348288944718,0.2678509273074472,3.3194769072425143,2.8670433484296725
414,saw/adsr_C2_40.wav,saw/adsr,C,2,C2,65.40639132514966,1.2177728092983169,3.3158753915867023,0.19145956760113136,2.13695576728842,1.9788504386135837
415,saw/adsr_F♯3_41.wav,saw/adsr,F♯,3,F♯3,184.9972113558172,2.523338666189759,2.770478553985416,0.8145435236328685,2.7248159707863455,1.981366809038478
416,saw/adsr_A♯1_42.wav,saw/adsr,A♯,1,A♯1,58.27047018976124,2.7367275823062673,1.360166744145378,0.397735557727416,2.5703452218355087,1.6584654965565893
417,saw/adsr_C♯1_43.wav,saw/adsr,C♯,1,C♯1,34.64782887210901,1.8650872559546738,0.3136211481192963,0.07267780504839005,1.7335438023841983,0.3598666156690927
418,saw/adsr_A4_44.wav,saw/adsr,A,4,A4,440.0,1.4729812355382843,2.80607267683547,0.1246632070802367,2.8978410438084357,2.3284093686877005
419,saw/adsr_G♯8_45.wav,saw/adsr,G♯,8,G♯8,6644.875161279122,3.289639777134129,0.17821852527539342,0.4940102987017939,3.05377202507246,3.478369672518018
420,saw/adsr_B1_46.wav,saw/adsr,B,1,B1,61.7354126570155,2.631444003893963,3.8615117761864903,0.7552607903672159,1.1053954872774021,2.4016487326421445
421,saw/adsr_E6_47.wav,saw/adsr,E,6,E6,1318.5102276514797,1.3601458820542716,3.8837139687013558,0.4401295469898233,2.386969287809891,2.3691708614344806
422,saw/adsr_F8_48.wav,saw/adsr,F,8,F8,5587.651702928062,2.4737346911642994,1.8314690563657727,0.629874327191042,3.134361420803118,2.5604348316668104
423,saw/adsr_F6_49.wav,saw/adsr,F,6,F6,1396.9129257320155,0.7413170345193915,2.083601008980998,0.84455381958382,2.9820101399116714,1.4092323072387196
424,saw/adsr_D7_50.wav,saw/adsr,D,7,D7,2349.31814333926,2.4603360159324033,0.6640825789926497,0.36390743441769446,0.002641992737537069,2.1665245556595405
425,saw/adsr_A3_51.wav,saw/adsr,A,3,A3,220.0,3.0417749454519276,2.1894203391830995,0.04993733066799644,0.18802673941259507,1.7696621065755131
426,saw/adsr_C8_52.wav,saw/adsr,C,8,C8,4186.009044809578,3.782532734563089,0.5307079974220531,0.7138568353575535,2.764662015948332,2.9220972520665254
427,saw/adsr_C7_53.wav,saw/adsr,C,7,C7,2093.004522404789,0.4901052980320142,4.003102474985913,0.9677273986603094,0.022906901658020784,3.05874540206865
428,saw/adsr_F1_54.wav,saw/adsr,F,1,F1,43.653528929125486,4.4126538265092226,0.6557913882151062,0.536537267301095,1.232748014370117,2.1138412981899544
429,saw/adsr_C8_55.wav,saw/adsr,C,8,C8,4186.009044809578,1.5571712234004913,0.30401992868651195,0.7502196551491005,0.5963454781283867,2.0837506285880347
430,saw/adsr_A8_56.wav,saw/adsr,A,8,A8,7040.0,1.8024767173815948,0.5930863860063723,0.42287282210149857,3.36403465882608,0.6951872918338192
431,saw/adsr_D8_57.wav,saw/adsr,D,8,D8,4698.63628667852,2.8549602646796877,3.253730920704002,0.19948709802938103,2.4283551722508263,1.462953642365485
432,saw/adsr_C1_58.wav,saw/adsr,C,1,C1,32.70319566257483,4.113171022922634,1.102329774711705,0.6971833268286309,2.9819774889214155,1.802521713444246
433,saw/adsr_E9_59.wav,saw/adsr,E,9,E9,10548.081821211836,0.9294917432386895,3.226829289427066,0.09441354951628167,2.7811111660147336,3.062567801319512
434,saw/adsr_C4_60.wav,saw/adsr,C,4,C4,261.6255653005986,4.628528059394404,1.437542612898106,0.9690600912957653,3.618519927067582,0.3154094006399073
435,saw/adsr_E4_61.wav,saw/adsr,E,4,E4,329.6275569128699,2.2671770782246696,3.2293658858677343,0.7989280635144729,1.0197733182778075,3.4836837176297895
436,saw/adsr_E9_62.wav,saw/adsr,E,9,E9,10548.081821211836,2.9756132930636654,3.126957503451119,0.05943317991707975,0.5921319271396946,0.7932157621912905
437,saw/adsr_E7_63.wav,saw/adsr,E,7,E7,2637.02045530296,2.372640825240185,3.1696813005787283,0.22451124968847258,1.3184222835284598,3.1392555906526276
438,saw/adsr_B4_64.wav,saw/adsr,B,4,B4,493.8833012561241,0.8849381767375192,4.602782208248509,0.7043164276021154,0.6331701936003642,2.9067206354832593
439,saw/adsr_A3_65.wav,saw/adsr,A,3,A3,220.0,2.1393770756855908,4.513742512977104,0.19160059599761514,1.8049111731133916,1.1637332612585443
440,saw/adsr_F7_66.wav,saw/adsr,F,7,F7,2793.825851464031,2.5037959286706135,4.123623624093551,0.04752942714113051,1.4482951357063112,1.9242853115295235
441,saw/adsr_A♯8_67.wav,saw/adsr,A♯,8,A♯8,7458.620184289437,0.012908877784235107,2.1133165452362173,0.3684378633587607,2.213730518309023,1.3808985048811802
442,saw/adsr_G♯8_68.wav,saw/adsr,G♯,8,G♯8,6644.875161279122,3.2725186946773555,0.30029586451499224,0.9318417845305448,0.8531899268686621,1.850390405911586
443,saw/adsr_F6_69.wav,saw/adsr,F,6,F6,1396.9129257320155,0.02924334597293991,4.2347995204755575,0.40902546684881813,2.0432831057657963,3.6926740277857064
444,saw/adsr_F8_70.wav,saw/adsr,F,8,F8,5587.651702928062,2.4811900860195197,1.9538752739394272,0.07675928407977894,0.818443772211867,4.216776395125911
445,saw/adsr_G♯4_71.wav,saw/adsr,G♯,4,G♯4,415.3046975799451,0.41172668147641195,2.202427063968733,0.8311004846830948,4.212947979513755,3.1728982750411
446,saw/adsr_D♯8_72.wav,saw/adsr,D♯,8,D♯8,4978.031739553295,3.37798318612151,2.191092320594931,0.6011928539685237,3.998120436316509,0.43280405696704943
447,saw/adsr_C2_73.wav,saw/adsr,C,2,C2,65.40639132514966,2.8058112305807215,1.0799574848518314,0.4838918098058228,2.7828718719270875,3.33135941264036
448,saw/adsr_B3_74.wav,saw/adsr,B,3,B3,246.94165062806206,2.1177540344684322,1.4067047066803329,0.9658274554825326,4.828124645385163,0.09550465366291006
449,saw/adsr_E2_75.wav,saw/adsr,E,2,E2,82.4068892282175,0.7476201598887439,0.8182095098086167,0.5782904029231191,1.463244250210668,2.01414771982863
450,saw/adsr_F7_76.wav,saw/adsr,F,7,F7,2793.825851464031,3.5069012187321675,1.4299694877606888,0.9376292039759386,3.8536167223231,1.2095125711840433
451,saw/adsr_C1_77.wav,saw/adsr,C,1,C1,32.70319566257483,3.814767222483188,3.38806583737348,0.9124834580398556,0.17110380018266758,1.875893810731054
452,saw/adsr_F♯9_78.wav,saw/adsr,F♯,9,F♯9,11839.8215267723,1.962142463347915,1.1046841098240268,0.3351017505521958,3.3144894764453565,3.618683950382702
453,saw/adsr_E4_79.wav,saw/adsr,E,4,E4,329.6275569128699,0.8179450050012033,1.9434571980073323,0.5724910504372107,3.328279642894949,3.1216327529165513
454,saw/adsr_G4_80.wav,saw/adsr,G,4,G4,391.99543598174927,3.1799370552270827,1.9383231414890292,0.8993362173376659,2.9393361836444742,1.942403619639413
455,saw/adsr_C♯8_81.wav,saw/adsr,C♯,8,C♯8,4434.922095629953,2.917829160388438,3.6501828307037725,0.7069502768240281,2.013116544591677,1.1249040031822888
456,saw/adsr_C♯3_82.wav,saw/adsr,C♯,3,C♯3,138.59131548843604,1.094755121824567,0.40414434908039143,0.7572763070775017,2.6982096660001957,0.25477494099759357
457,saw/adsr_C♯7_83.wav,saw/adsr,C♯,7,C♯7,2217.4610478149766,2.666844402146578,3.0304173629271465,0.9015442789539247,2.8018884109200903,1.5008498240061863
458,saw/adsr_E8_84.wav,saw/adsr,E,8,E8,5274.04091060592,3.32348698252429,3.221914297280455,0.4948401224538066,1.9911853331480802,1.4634133870471753
459,saw/adsr_A1_85.wav,saw/adsr,A,1,A1,55.0,1.8844216450967122,2.538610225635342,0.6826368765949808,2.9943217600928107,1.9126140105470346
460,saw/adsr_C7_86.wav,saw/adsr,C,7,C7,2093.004522404789,1.406466844896073,0.5301485253104332,0.22922193711146865,2.9819486613548776,1.4601386944648742
461,saw/adsr_D♯4_87.wav,saw/adsr,D♯,4,D♯4,311.1269837220809,1.1185096631615803,3.0145182893763978,0.3106316929731052,3.783153291958206,1.989982657612806
462,saw/adsr_D4_88.wav,saw/adsr,D,4,D4,293.6647679174076,3.9583981406291078,3.312092332346983,0.47225402462916766,0.4226233955462525,2.3068861314776563
463,saw/adsr_D4_89.wav,saw/adsr,D,4,D4,293.6647679174076,3.0037652006107134,3.1414606896058506,0.5337721602662862,1.2131253708583212,2.066644373799126
464,saw/adsr_B9_90.wav,saw/adsr,B,9,B9,15804.265640195976,2.6021584536309113,0.301119332293599,0.8479824629112193,2.9440522810428202,1.5724270660615725
465,saw/adsr_G♯8_91.wav,saw/adsr,G♯,8,G♯8,6644.875161279122,2.89031137295972,1.6753385869713373,0.9830111704072927,4.354894457531948,1.079455582536993
466,saw/adsr_A♯9_92.wav,saw/adsr,A♯,9,A♯9,14917.240368578874,2.124366177071343,2.79480208975016,0.6090193123844178,4.277916636985017,0.802915096193482
467,saw/adsr_C♯9_93.wav,saw/adsr,C♯,9,C♯9,8869.844191259906,3.178009444298522,2.8139535806716562,0.2352849136719246,2.012857185233787,0.5072332625124198
468,saw/adsr_D♯7_94.wav,saw/adsr,D♯,7,D♯7,2489.0158697766474,3.858247814943669,1.0847360157973345,0.9801020909793521,1.8684879440938373,0.8326675935326372
469,saw/adsr_A1_95.wav,saw/adsr,A,1,A1,55.0,4.059977583406865,3.346168116960591,0.16546178054263816,2.5103772225393524,0.08347707709319144
470,saw/adsr_G♯8_96.wav,saw/adsr,G♯,8,G♯8,6644.875161279122,1.3387844765643404,2.2300834662224145,0.7676161434583834,2.247765873031727,3.74424354212276
471,saw/adsr_G♯1_97.wav,saw/adsr,G♯,1,G♯1,51.91308719749314,2.3304704255540076,3.412322024461917,0.24302835735859873,0.7890679351619593,3.4681396148221153
472,saw/adsr_G2_98.wav,saw/adsr,G,2,G2,97.99885899543733,1.4512741602065582,3.91599025179602,0.6342816994718644,2.410243088851338,0.8654951474595091
473,saw/adsr_E9_99.wav,saw/adsr,E,9,E9,10548.081821211836,3.602797762978984,1.2512851201631807,0.6491397354894949,2.9083923006311627,2.237524816226671
474,saw/adsr_G♯8_100.wav,saw/adsr,G♯,8,G♯8,6644.875161279122,3.0045082032787542,0.0007213655287468206,0.15232486673992562,3.370436523004251,3.6243339081882464
475,saw/adsr_E8_101.wav,saw/adsr,E,8,E8,5274.04091060592,3.6224212331333625,0.6298616836568638,0.16807325326479683,2.665415162571946,3.082301920637827
476,saw/adsr_G♯7_102.wav,saw/adsr,G♯,7,G♯7,3322.437580639561,1.8033683024340086,2.1063177213473434,0.3834933045400539,3.038863706911006,3.0514502693076415
477,saw/adsr_G1_103.wav,saw/adsr,G,1,G1,48.999429497718666,3.598413261366809,1.7361247327618712,0.04251578845046311,0.620976539614502,4.044485466256819
478,saw/adsr_G8_104.wav,saw/adsr,G,8,G8,6271.926975707989,1.983751527568967,2.973449887411552,0.7632305478938789,1.8106167945263558,2.5250696360667475
479,saw/adsr_G♯7_105.wav,saw/adsr,G♯,7,G♯7,3322.437580639561,3.5857283540606453,0.5144590920175767,0.34219535219865505,2.5225041923381246,3.377308361583652
480,saw/adsr_E2_106.wav,saw/adsr,E,2,E2,82.4068892282175,3.203495839626464,2.223932751670287,0.4996138696800523,3.4860207011139854,1.0865507075892629
481,saw/adsr_G♯6_107.wav,saw/adsr,G♯,6,G♯6,1661.2187903197805,1.2400138223027746,0.37069564985947434,0.021144986143217026,0.21892963926236686,4.143741440772952
482,saw/adsr_G9_108.wav,saw/adsr,G,9,G9,12543.853951415975,3.7541590416181205,0.9185843856290409,0.9750015529248424,1.548126977529033,3.7791295952238064
483,saw/adsr_F♯6_109.wav,saw/adsr,F♯,6,F♯6,1479.9776908465376,4.012679327995662,1.3956438606530148,0.5171241615161711,2.1883012528838197,0.9242690062671005
484,saw/adsr_D8_110.wav,saw/adsr,D,8,D8,4698.63628667852,2.9709376798446008,2.285285385946872,0.30851633342363094,2.959767379589167,1.7840095546193622
485,saw/adsr_F4_111.wav,saw/adsr,F,4,F4,349.2282314330039,1.936634046982797,1.2425309063617265,0.5783871888624033,2.393434633892751,4.427400412762725
486,saw/adsr_A8_112.wav,saw/adsr,A,8,A8,7040.0,2.8301392357372475,0.4178326737851057,0.5590047933984494,1.8238584065346815,3.1506593101684155
487,saw/adsr_F♯1_113.wav,saw/adsr,F♯,1,F♯1,46.2493028389543,2.089118878729872,4.058806736081591,0.5161191588633499,3.6070120157160415,0.24506236947249663
488,saw/adsr_C8_114.wav,saw/adsr,C,8,C8,4186.009044809578,3.3238786599312844,1.8660097086590615,0.2851395342857813,2.631638292909722,2.1784733384999324
489,saw/adsr_D♯5_115.wav,saw/adsr,D♯,5,D♯5,622.2539674441618,3.0513796929180472,0.6339619107351507,0.48555189072592075,2.0269347112386527,0.18105751446848783
490,saw/adsr_D4_116.wav,saw/adsr,D,4,D4,293.6647679174076,2.1839191052387723,1.949162710366976,0.6975812324952458,1.342367222313455,4.524550962080798
491,saw/adsr_E5_117.wav,saw/adsr,E,5,E5,659.2551138257398,0.6768606806302396,3.8167046861659406,0.2936869352705316,2.0575702860276,3.4488643471762184
492,saw/adsr_F♯6_118.wav,saw/adsr,F♯,6,F♯6,1479.9776908465376,3.929481352520695,1.7072636923247073,0.5945369012114976,3.3677241303730976,0.9955308247814998
493,saw/adsr_A1_119.wav,saw/adsr,A,1,A1,55.0,3.0603288725498428,2.9177434862629954,0.5686953458974536,0.40361285694761384,3.6183147842395478
494,saw/adsr_G5_120.wav,saw/adsr,G,5,G5,783.9908719634985,0.7993958491758396,1.8727237613170522,0.9312237279425698,1.9388610189597206,3.1927067231901463
495,saw/adsr_B3_121.wav,saw/adsr,B,3,B3,246.94165062806206,0.6753595288433012,0.8638862360812699,0.46354028477280007,3.391711575481712,1.9204577450350668
496,saw/adsr_D9_122.wav,saw/adsr,D,9,D9,9397.272573357044,4.256397560777447,0.19406647993810147,0.03486157410188129,3.1421684061957484,2.407367553088702
497,saw/adsr_G♯2_123.wav,saw/adsr,G♯,2,G♯2,103.82617439498628,2.858530615226231,3.777678355686946,0.29084994587581137,0.09327836774140785,0.3897835142477496
498,saw/adsr_D♯1_124.wav,saw/adsr,D♯,1,D♯1,38.890872965260115,3.262613649220133,2.066048719188579,0.6771976551007156,3.1079833379167834,1.5633542936745055
499,saw/adsr_E7_125.wav,saw/adsr,E,7,E7,2637.02045530296,2.332231202790349,2.664904567364982,0.3231817070960208,2.137675430045204,2.865188799799465
