,file_name,sine_wave,sine_freq,square_wave,square_freq,saw_wave,saw_freq,triangle_wave,triangle_freq,note,octave,note_octave,attack_duration,decay_duration,sustain_level,sustain_duration,release_duration
0,multi_G5_1001,1,781.0081410457216,0,0,0,0,1,775.8448546825497,G,5,G5,2.954100705471671,1.69195490547279,0.5626644339981551,0.16069662450284627,4.702080685237405
1,multi_E9_1002,1,10543.29356813202,1,10554.661082374012,1,10554.761973082179,0,0,E,9,E9,1.2290180037640175,3.539213937373118,0.7976645152544495,1.8863902870967335,0.4180743223446698
2,multi_D♯4_1003,0,0,1,317.3093233272972,0,0,0,0,D♯,4,D♯4,0.38407969402879105,4.413299229040185,0.14294749840025045,0.7407655870161517,4.445783668938
3,multi_F2_1004,0,0,0,0,1,84.52046164585187,0,0,F,2,F2,1.0278641068064625,3.9703468222558196,0.19826729519071218,0.10147631894775466,1.0998265719748601
4,multi_G9_1005,1,12544.887842608765,0,0,1,12538.650233163287,1,12536.66635631559,G,9,G9,0.2698531320039471,1.201550204073324,0.4137978016923394,4.101522666776432,1.5771669727306847
5,multi_G♯6_1006,1,1657.6840503969622,0,0,1,1662.270080415285,0,0,G♯,6,G♯6,3.372154320957469,3.1693641345018384,0.4795888456327402,1.6121201538772474,1.8463613906634468
6,multi_C1_1007,1,31.764416177134912,1,23.959464443623887,0,0,1,37.477662221524305,C,1,C1,3.046059436906944,1.5169526569551213,0.0006854053330932475,3.432063542201189,0.5168222801884298
7,multi_C♯8_1008,0,0,1,4436.635883992289,0,0,0,0,C♯,8,C♯8,1.0631237522168828,3.41275741324688,0.4414828834413381,2.418702606113262,3.1054162284229743
8,multi_E7_1009,1,2645.2739141909465,0,0,0,0,1,2636.430286901691,E,7,E7,3.9269519419067858,3.4719853397418374,0.5078920581525829,2.557687330256374,0.04337538809500213
9,multi_A6_1010,0,0,1,1763.759780778295,0,0,1,1762.9635986661222,A,6,A6,4.510568497243333,2.501089952644931,0.7148616219359057,0.9367373414628247,2.051604208648913
10,multi_D♯8_1011,1,4976.176858011276,0,0,1,4975.887366038436,1,4979.677332820334,D♯,8,D♯8,2.70038724682761,3.093510731377109,0.6788392441847848,1.4985184128734907,2.70758360892179
11,multi_B4_1012,1,485.51390166235956,0,0,1,489.58821038070954,0,0,B,4,B4,0.06093497307564477,4.572699925168482,0.8598302396584411,1.2957305716559409,3.136151286420245
12,multi_G♯1_1013,0,0,1,53.60013890615368,1,54.89305583741759,0,0,G♯,1,G♯1,1.2105846657747228,2.282587749079447,0.35328114567558966,2.8569905108490468,0.2882327517768657
13,multi_E9_1014,1,10551.071709923915,0,0,0,0,1,10554.332887881847,E,9,E9,3.25518467680354,3.4704118447314767,0.4805057569172244,1.2413711393412163,2.0330323391237672
14,multi_D8_1015,1,4692.2663326874035,1,4698.22757999244,0,0,0,0,D,8,D8,1.3834902402858484,4.201530018247604,0.775313939061175,1.060347897049751,0.9796131300445987
15,multi_G8_1016,1,6268.1376466763,0,0,1,6275.023152980089,1,6280.88319955996,G,8,G8,0.5196723313373869,1.350019090017377,0.6761850704487693,4.909071114041775,1.2729029054735723
16,multi_F♯4_1017,0,0,1,378.38863026913566,1,375.89881987834076,0,0,F♯,4,F♯4,1.900608474254256,3.992516420720477,0.8182317500932853,4.053777850814811,0.05309725421045688
17,multi_A♯6_1018,1,1872.362920613835,0,0,0,0,1,1856.4707578354078,A♯,6,A♯6,3.986344441965681,3.3599732708645242,0.31850589429466514,1.3291412026492313,1.3245410845205636
18,multi_E5_1019,0,0,0,0,1,662.294546306104,0,0,E,5,E5,0.376976522782365,1.4125844937829166,0.3280988353579942,4.577966526583076,3.6324724568516427
19,multi_A♯8_1020,0,0,0,0,1,7452.79244433862,1,7465.296683707085,A♯,8,A♯8,1.345130216175932,2.6957232748491586,0.13077466800942283,3.233861615187185,1.8246288051825466
20,multi_C1_1021,0,0,0,0,1,34.56422777285658,0,0,C,1,C1,1.2835513833450167,0.9776160678779688,0.39123333335594346,4.705757589351594,1.7403062397696027
21,multi_D♯2_1022,0,0,1,80.19275899924797,1,76.79405583077914,1,73.63267374769669,D♯,2,D♯2,1.8911151780134046,4.183352508510469,0.47691488475682764,0.9868225730199043,0.0015348418979904688
22,multi_A♯6_1023,1,1873.0452564383393,1,1867.505634108194,0,0,1,1871.686727658418,A♯,6,A♯6,1.656304325665218,1.8476157696640056,0.11619245637799769,3.633397996281559,2.8626819083892183
23,multi_E3_1024,1,157.67417988601224,1,156.6438158924841,0,0,0,0,E,3,E3,3.924587247636669,1.0729928597956664,0.6404100924793561,2.1194777516866417,2.8829421408810236
24,multi_A5_1025,1,888.8390507324174,1,887.0893891643134,0,0,1,887.1969966710012,A,5,A5,2.85855162468643,1.0688245235340634,0.12353058922492832,3.194464080573622,2.878159771205885
25,multi_F7_1026,1,2786.3349065305847,0,0,1,2796.3866923528617,0,0,F,7,F7,3.7809294068992063,2.216841946052307,0.7422556294267825,2.286451747954998,1.7157768990934879
26,multi_A8_1027,1,7038.504879898172,1,7032.448861792016,1,7038.9610232214745,0,0,A,8,A8,1.0964221286541354,2.4453088185405187,0.7388500313569601,2.4125751289705426,4.045693923834804
27,multi_G5_1028,0,0,0,0,1,788.1000459541209,0,0,G,5,G5,0.8479796185527994,3.7279544134076232,0.9636130352079666,2.208542993309842,1.44261169784344
28,multi_D♯1_1029,0,0,0,0,1,37.378168373311084,0,0,D♯,1,D♯1,0.20486514862046404,3.3733483002653286,0.8738927937432561,2.6915870754530027,3.7301994756612045
29,multi_F9_1030,1,11178.445185139662,0,0,1,11179.448024094501,1,11173.323636084162,F,9,F9,1.720752766158185,2.4041009283425145,0.03173368081970207,2.0637571249726716,3.1166161106792343
30,multi_G♯9_1031,0,0,1,13287.159337127036,0,0,0,0,G♯,9,G♯9,1.3372863553219172,2.7567938989484384,0.9569055030952279,0.8709101560105753,1.3336663690366068
31,multi_A♯5_1032,1,932.9721059190866,1,932.5776081443296,0,0,1,940.5838414174171,A♯,5,A♯5,2.258066442627818,3.162914695399214,0.9891497698698976,4.483034809947414,0.09598405202555345
32,multi_A6_1033,1,1765.8269254048175,1,1761.255044250791,1,1754.612581272979,0,0,A,6,A6,2.41780387938798,1.9384690242798874,0.8484605537919523,3.1948415186935635,2.4488855776385687
33,multi_D7_1034,1,2343.5071859294667,0,0,1,2344.076647281711,1,2354.8061559571975,D,7,D7,1.9212268497023912,3.92415083080569,0.1203948458936025,3.1055536587295807,1.0490686607623385
34,multi_B7_1035,0,0,1,3957.9274448085184,1,3959.1058798599383,1,3959.689317106766,B,7,B7,2.2569237616025184,0.21324799903445324,0.38853632905264357,2.6415538232055797,0.36592310581829934
35,multi_A♯2_1036,0,0,0,0,1,113.86543614004857,0,0,A♯,2,A♯2,0.28454193193780175,2.536692227182093,0.08752671191216999,3.8855173845083573,3.2932484563717486
36,multi_C3_1037,0,0,1,134.24402238289522,0,0,0,0,C,3,C3,0.4779290371332018,3.0207279750924867,0.03841167099831577,4.41722508072599,0.26058668602636004
37,multi_C9_1038,0,0,0,0,0,0,1,8375.8782585983,C,9,C9,4.021951118644382,0.4361805326019502,0.09169132480182418,0.7830906947251415,2.751408901013802
38,multi_F♯2_1039,1,96.72084872745958,1,90.83240261904858,0,0,1,99.34440823958153,F♯,2,F♯2,0.8501050926187076,0.6237509259403751,0.6208042323061982,2.872352404833147,2.4048811558089134
39,multi_F♯6_1040,0,0,1,1474.1560339804405,0,0,0,0,F♯,6,F♯6,2.285845853952546,0.2542296417105022,0.2509911549679582,2.119093903149972,1.6259149940881916
40,multi_C2_1041,1,71.53773438459604,0,0,1,59.04484748628958,1,66.8297983703837,C,2,C2,2.7404786128043552,2.120538278578489,0.9674626081575781,2.6955020843707582,2.4434810242463962
41,multi_E9_1042,1,10539.164781176973,1,10554.580924434633,0,0,0,0,E,9,E9,2.2803449962761113,0.464728322215871,0.05067272071440165,4.070502057701418,0.6078044675150474
42,multi_F♯6_1043,1,1472.8678527789482,1,1485.9724160041776,1,1473.7459977629292,0,0,F♯,6,F♯6,3.7985340143249324,3.0423386208770906,0.031666244003883515,0.9339951163407005,2.2251322484572773
43,multi_C♯8_1044,1,4432.498379001809,0,0,0,0,1,4435.6319941528545,C♯,8,C♯8,3.33557929982116,4.017351359328372,0.4210068449118386,0.05417111263249934,2.5928982282179684
44,multi_D9_1045,0,0,0,0,1,9398.786593394068,1,9403.217409705347,D,9,D9,1.4773050053522052,2.671673244029486,0.597102376939941,3.049256630350949,1.0614704028625281
45,multi_D9_1046,1,9405.29838193113,1,9389.860482479728,0,0,0,0,D,9,D9,3.0265268929328877,2.054432620513948,0.6027429961509605,2.536686214184893,2.3823542723682696
46,multi_C8_1047,0,0,0,0,0,0,1,4186.5460931505595,C,8,C8,2.7308654885537402,2.4118350260138173,0.23505610272618782,0.6658039943424332,1.1547272277589022
47,multi_B6_1048,1,1984.1347968525004,1,1970.2639986417719,1,1976.4098855992902,0,0,B,6,B6,2.6452449095506436,0.6716088826546068,0.14253298779709023,3.4726435983699986,2.3884445325880903
48,multi_E4_1049,0,0,1,337.64952109606793,1,325.2158956451013,1,321.64561823815023,E,4,E4,4.200472081433157,1.969479516943066,0.6759174986536338,3.510994087138829,0.31905431448494875
49,multi_A♯3_1050,1,229.6222114392423,0,0,1,238.58514468219317,1,240.58728283690425,A♯,3,A♯3,2.281657430946498,3.625677917077997,0.9035353215337649,1.3186488563219738,2.7740157956535314
50,multi_C♯8_1051,0,0,1,4437.556387518732,1,4427.460311169032,1,4433.175804321976,C♯,8,C♯8,3.9779338757391782,3.296783965738786,0.4352406555093411,0.6093403655893481,1.5122642154321553
51,multi_B9_1052,1,15806.110649639428,1,15797.223990708771,0,0,0,0,B,9,B9,4.185999826396475,1.784364733335455,0.46636706408463535,1.5636212088685464,0.09817745276960721
52,multi_A♯2_1053,0,0,0,0,0,0,1,114.48948278884451,A♯,2,A♯2,1.8530900630240676,1.8155823888108351,0.9645573906646168,4.651346295192035,0.898810648088208
53,multi_F♯6_1054,1,1471.8967050415415,1,1474.5024178079004,1,1480.1244106417466,0,0,F♯,6,F♯6,1.6614714305587721,1.2923720376592138,0.20136924494514874,4.089407154261861,2.956749377520152
54,multi_A♯4_1055,0,0,1,461.7845837369077,0,0,1,469.13160961370926,A♯,4,A♯4,0.09482529347944024,2.446395056137031,0.3670322704742983,1.1602336250033733,2.159456174903812
55,multi_F3_1056,0,0,0,0,1,171.98990579011186,0,0,F,3,F3,2.083877717099995,3.4925139090190838,0.5844898830668553,2.2913817231795743,2.1322266507013468
56,multi_G♯7_1057,1,3320.1771272823726,1,3328.108688490547,0,0,1,3331.264587870358,G♯,7,G♯7,0.20250153988597758,2.765499910727403,0.1804427473914353,3.4158916044684378,3.616106944918181
57,multi_B5_1058,1,987.6361699256706,0,0,0,0,1,984.7070073194553,B,5,B5,4.088386799917616,3.8437104074251764,0.44514400464785653,0.6729839282412431,0.9394379225736166
58,multi_D♯4_1059,0,0,1,315.23845060147585,1,314.81877832918013,0,0,D♯,4,D♯4,3.008106060288666,3.507223440314506,0.9015666693708497,2.3048837383414207,1.1797867610554067
59,multi_G♯3_1060,0,0,1,203.52029937498585,1,211.10464548256894,1,199.81869247189877,G♯,3,G♯3,0.18752488699540382,2.1994879678524337,0.7929763993813876,4.649046350191403,0.006428111892021193
60,multi_G♯1_1061,0,0,1,59.92910486905815,1,43.66986098569935,0,0,G♯,1,G♯1,0.6810500437080458,4.9411200608848285,0.5237312703118306,1.2261946995565958,1.0844465511896946
61,multi_C♯3_1062,0,0,1,136.09694797442995,0,0,1,146.1067823057808,C♯,3,C♯3,3.4836107781731287,1.8340640347315786,0.7289009706774187,0.2046304397370759,4.477694747358217
62,multi_D♯1_1063,1,37.089009808901814,0,0,1,34.59523048722853,1,36.603549054963615,D♯,1,D♯1,4.397638633778029,1.680118132322389,0.11874815180968556,0.3976420355886079,3.148030662714523
63,multi_C♯9_1064,0,0,0,0,1,8873.212020655494,0,0,C♯,9,C♯9,1.0893817465524807,2.938660806465243,0.15082733163896378,2.94044950586773,3.031507941114546
64,multi_F4_1065,1,353.30838253594527,1,352.9873486415327,0,0,1,352.6610929833635,F,4,F4,4.966750127961092,0.9596510602968455,0.19204841195120503,0.9717590653343461,0.9330202509962193
65,multi_A♯4_1066,1,460.8372843228195,1,467.6053287897392,0,0,1,470.4139067329011,A♯,4,A♯4,0.4909529160129017,1.5092385725021429,0.1261197946099908,4.899781170866124,0.7969095310295765
66,multi_D♯4_1067,1,315.86833033272467,0,0,1,309.36114477668843,1,302.8484248483588,D♯,4,D♯4,3.3197388507092045,3.405896855178915,0.5430542641504942,1.6534891113362968,1.6208751827755838
67,multi_E3_1068,1,168.2307818305448,1,166.45003964610044,1,166.6715257460766,0,0,E,3,E3,3.2009001752382957,0.4880256008287259,0.9220672784842169,0.1339227940535409,3.2284393337727337
68,multi_C7_1069,0,0,1,2101.5768324416526,0,0,1,2088.082578768674,C,7,C7,4.124934690691873,0.15698572475502434,0.695919233671627,3.3500930968901517,2.36798648766295
69,multi_A6_1070,0,0,1,1757.4569142063815,0,0,0,0,A,6,A6,1.9470510357891464,3.377104816545154,0.9981018813746004,1.2260769036149548,2.317342034889855
70,multi_C♯7_1071,0,0,1,2209.6264154868586,0,0,0,0,C♯,7,C♯7,0.02573296036662287,2.3143935912918407,0.619026983730685,3.9466647907568344,2.0927608524764167
71,multi_F1_1072,0,0,0,0,0,0,1,48.60886663678757,F,1,F1,0.24227389348717265,3.977755891030275,0.8490108378017113,0.6299140586912155,1.506054902720022
72,multi_A♯2_1073,0,0,1,109.19775129541428,0,0,1,111.84201755839608,A♯,2,A♯2,2.8276849813365468,2.656061546927642,0.2982789104451097,1.4905774638961264,3.0256760078396847
73,multi_C8_1074,1,4193.170224576999,0,0,0,0,0,0,C,8,C8,2.829164250161678,0.2294298819874674,0.08401112580459436,4.3665825537981515,1.3564277912480511
74,multi_B3_1075,0,0,1,253.4368218084805,0,0,0,0,B,3,B3,2.2147302250178362,2.9476872526331053,0.3888997583634276,1.8947722341341364,2.942810288214922
75,multi_D♯1_1076,0,0,1,39.89020353977793,1,37.300652606815696,0,0,D♯,1,D♯1,3.393475054312721,3.0881511937018518,0.9399600433036275,2.8285680955921246,0.6898056563933027
76,multi_B9_1077,0,0,0,0,1,15803.963851439366,1,15802.16554191334,B,9,B9,0.9701437161837273,1.0987816700918946,0.5173404520172648,0.02373568508873103,0.2704581384716892
77,multi_A3_1078,0,0,1,224.5147942607092,0,0,1,224.788697094014,A,3,A3,2.968010365793237,2.8867865197347693,0.12141077089704677,4.124268060208105,0.020935054263888985
78,multi_E4_1079,1,321.64126537754197,0,0,0,0,0,0,E,4,E4,3.7543838611774083,2.2729085335117483,0.21562378485421296,1.3580147204294684,1.4633490253138897
79,multi_C♯6_1080,1,1109.5729307027948,0,0,1,1104.0954880821791,1,1117.0507305585118,C♯,6,C♯6,0.25140697851995325,4.2670829501800185,0.10462069859634848,1.1577032038920136,4.323806867408012
80,multi_A♯7_1081,0,0,0,0,0,0,1,3728.7774697850327,A♯,7,A♯7,2.624799430144261,1.3563472014814886,0.16145027150157854,1.4323822375700832,4.586471130804166
81,multi_D3_1082,1,146.6828475957454,0,0,0,0,0,0,D,3,D3,2.7499298529726692,1.8239474895741232,0.46016003177096365,2.837729931905454,2.588392725547754
82,multi_F♯6_1083,1,1485.4456836509949,0,0,0,0,1,1471.5878683832104,F♯,6,F♯6,0.15295770450943805,3.1482395339495173,0.9420185453597384,3.348493572477863,3.3503091890631826
83,multi_B9_1084,1,15810.410839000802,1,15807.383958642722,0,0,0,0,B,9,B9,2.4924258983213727,0.21089535172172352,0.8494372507117003,4.3025821424065365,2.9940966075503668
84,multi_A♯6_1085,0,0,1,1872.7267210812106,0,0,1,1857.3904496091861,A♯,6,A♯6,4.213809958452851,3.289284345259074,0.11810736570203362,0.19922531370651722,2.2976803825815577
85,multi_C♯8_1086,1,4436.637776890757,0,0,1,4437.314548298942,0,0,C♯,8,C♯8,4.03166477619629,1.5813150377079443,0.8103170093694276,2.581995685015702,1.8050245010800643
86,multi_B1_1087,0,0,1,67.53736361339736,1,68.59197394713996,0,0,B,1,B1,1.0123227298030915,3.876894620281344,0.6883390127466689,2.7090758450241066,2.401706804891457
87,multi_A4_1088,0,0,0,0,1,446.5428046539339,0,0,A,4,A4,0.5999120368023168,3.6354502507558193,0.30238071933372046,2.689052418810803,3.07558529363106
88,multi_G♯9_1089,1,13290.77128564495,0,0,0,0,0,0,G♯,9,G♯9,2.8424881942477684,2.3515166236111416,0.7258715984745451,2.1754493203487013,2.6305458617923905
89,multi_D2_1090,0,0,0,0,0,0,1,71.60919302322847,D,2,D2,1.978950964215304,3.0727056769892975,0.993199669919662,1.8179057626822772,3.1304375961131217
90,multi_C1_1091,1,31.29020759713907,1,31.981262243463576,0,0,0,0,C,1,C1,0.3302804585943159,2.9626393061183713,0.20736371137091758,0.7972193739498118,0.7704988868429091
91,multi_G8_1092,0,0,0,0,1,6277.37104153951,0,0,G,8,G8,3.93770133000599,1.1391011042485772,0.007410502620550652,0.4261181940729719,4.497079371672461
92,multi_E1_1093,0,0,0,0,1,41.51809152739104,0,0,E,1,E1,3.1761125478707926,2.6264556169538293,0.4796823750577689,0.6809110246404798,3.375517663439738
93,multi_C♯6_1094,1,1102.1929240398897,0,0,1,1112.6092388885315,0,0,C♯,6,C♯6,1.9193578037469285,1.2922127688779719,0.9859675549043629,2.167121301326064,4.621308126049036
94,multi_B9_1095,1,15806.656659848373,0,0,1,15802.325317009943,1,15800.699653122334,B,9,B9,1.0709152428756383,4.169261985840068,0.4624577327691891,2.536602879872221,2.223219891412072
95,multi_G♯9_1096,0,0,1,13286.848113184411,0,0,1,13290.7635756571,G♯,9,G♯9,1.1814576485135153,3.8646045992936258,0.4800805781565539,0.23871176810768058,3.8541602383651723
96,multi_F3_1097,1,180.17112383116714,0,0,0,0,1,172.4284353125112,F,3,F3,3.702465961946557,1.7304065623654157,0.9177692150015277,2.9505527661458757,1.6165747095421523
97,multi_C4_1098,0,0,1,256.99017673240076,1,262.207860648163,1,254.2782649469443,C,4,C4,1.660642686971208,3.504702152172828,0.3131128046770475,0.7508573256169807,4.083797835238984
98,multi_C3_1099,0,0,0,0,1,139.13830077261122,0,0,C,3,C3,0.9279943893706638,0.5674609513604284,0.47499220620054405,4.7445184088477665,0.49373337862067435
99,multi_C♯6_1100,1,1100.6854247155661,1,1105.3013920882283,1,1108.5346824690323,0,0,C♯,6,C♯6,3.69048769265805,0.6015859483485358,0.02318140063055263,0.18644896232028696,4.242026340700981
100,multi_C4_1101,0,0,0,0,1,255.05399508937415,1,257.86842745626234,C,4,C4,1.4036928901963783,3.6143349349820784,0.011312001471829092,2.8625813250423127,2.1193908497792306
101,multi_D♯1_1102,0,0,1,44.786874601322204,0,0,0,0,D♯,1,D♯1,3.60184755435665,2.686463157698445,0.5819089056782414,1.8146317847582705,0.7240196528641274
102,multi_F♯1_1103,0,0,1,40.50068374643161,1,53.548420241166646,1,46.874003516383524,F♯,1,F♯1,1.9425140216439196,1.3630344907826453,0.9795690670740308,3.260616118152348,1.1893354203730437
103,multi_F6_1104,0,0,1,1399.3619904944144,1,1400.047957828707,1,1403.92486078847,F,6,F6,0.06942448902388543,1.03482711935998,0.044125081964141,1.5572098685392732,2.5763308045676285
104,multi_C♯8_1105,0,0,0,0,1,4430.691605023127,1,4431.63488139159,C♯,8,C♯8,2.2685599744842224,1.7502086980089206,0.6742983356658473,3.58638570360134,2.394845623905517
105,multi_B1_1106,0,0,0,0,1,58.01311851518959,1,66.36491436846306,B,1,B1,3.028038702913146,3.4972251328456605,0.18288225608420572,1.6613024910442709,1.6024800100501073
106,multi_E7_1107,1,2635.4868874225076,0,0,0,0,0,0,E,7,E7,1.3262324792596358,2.2709409232240994,0.6558561539342235,0.7364652844309227,2.5642054421930793
107,multi_G♯8_1108,0,0,0,0,1,6646.018682993207,0,0,G♯,8,G♯8,1.7851530193784844,0.34894405356923563,0.4123649405964467,0.8637623110618431,0.5856561244316821
108,multi_F9_1109,0,0,1,11166.64587394931,1,11169.136973786126,1,11168.6021130257,F,9,F9,1.2373162577370622,2.552513338433068,0.04612322752305553,4.512276224274958,1.6978941795549125
109,multi_G♯2_1110,0,0,0,0,1,112.30002944440147,1,104.88155771901847,G♯,2,G♯2,3.865678159994505,0.47999819053921206,0.2955950849288398,3.3597019640103314,2.29462168545595
110,multi_D5_1111,0,0,1,589.7472591720318,0,0,0,0,D,5,D5,0.6253641379112745,2.127741221924713,0.8352908031426693,3.713389659043831,2.8525826885449246
111,multi_B8_1112,0,0,0,0,0,0,1,7910.56354854716,B,8,B8,2.0760357245427503,2.078366476255146,0.7912438581533906,2.7320531021118986,3.1135446970902056
112,multi_C9_1113,0,0,0,0,1,8375.812681525442,1,8377.222149621199,C,9,C9,0.5465465566804195,2.2734106656456183,0.8553871133785255,2.9843216192217814,0.20629406407891515
113,multi_G♯9_1114,0,0,0,0,1,13288.229762980262,1,13298.146944665314,G♯,9,G♯9,1.6732445870557666,2.117913315589078,0.18761738091227131,3.918802318873549,1.2466613865674403
114,multi_D♯5_1115,1,622.262167946323,1,614.7119763441448,0,0,0,0,D♯,5,D♯5,0.4402173373967389,3.685589271614019,0.9566591411223198,3.311232190914859,2.5629612000743824
115,multi_D♯4_1116,1,302.244131428669,0,0,1,317.311583327314,1,318.1574488951167,D♯,4,D♯4,2.2825598013092585,1.622422872504924,0.5903440352105987,0.7732243632609659,3.9634693117155018
116,multi_G3_1117,0,0,0,0,1,197.94356549319082,1,195.09610074712867,G,3,G3,4.139793171426741,1.2717602336027107,0.8778535554123168,1.574768694231052,3.013677900739496
117,multi_A♯1_1118,0,0,0,0,0,0,1,53.43162246467487,A♯,1,A♯1,1.4950849948283946,0.6967992869306439,0.14058029226494273,4.125355655151112,3.5425105526609646
118,multi_D♯9_1119,0,0,1,9960.546069083783,1,9956.935674822495,1,9963.56992553196,D♯,9,D♯9,2.852128347988411,4.173657246979059,0.9946688074306095,2.8996821783688143,0.07453222666371517
119,multi_C4_1120,0,0,0,0,1,266.98183724104007,1,259.78841592088514,C,4,C4,1.5498678453036903,4.379340606174137,0.2519768692714095,3.273519822266057,0.7972717262561171
120,multi_G9_1121,0,0,0,0,0,0,1,12542.41227717476,G,9,G9,1.351583311038934,3.5768376550426364,0.19515134872229556,2.8590436469052474,2.2125353870131814
121,multi_D♯1_1122,1,39.21420786292704,0,0,1,37.172283388748916,0,0,D♯,1,D♯1,2.5620725365469452,0.6495450980042716,0.20279505653928287,2.970318406068453,3.8180639593803316
122,multi_A5_1123,0,0,0,0,0,0,1,873.6738218602711,A,5,A5,3.1344387467219166,3.068727154544407,0.16599491089131924,2.357929553841036,1.4389045448926407
123,multi_A♯6_1124,1,1863.414685019918,1,1869.7215265646662,1,1864.9685015358043,0,0,A♯,6,A♯6,1.0647409105255563,0.9185917772798496,0.43040084308748094,3.3314710251885353,4.381827517229345
124,multi_C9_1125,0,0,1,8376.307896767656,0,0,0,0,C,9,C9,1.4006040854547646,2.770611229609286,0.05687623537208508,1.275711565892843,3.9189076222961643
125,multi_D♯1_1126,0,0,0,0,1,43.48237501433687,1,33.76553833462303,D♯,1,D♯1,0.2602645276952509,2.9990581892827546,0.21162504814147176,2.138292212767397,1.6648049991765506
126,multi_C9_1127,1,8379.41515592513,1,8379.558633913075,1,8371.064556102323,0,0,C,9,C9,3.3578331801216867,1.2925676551471497,0.5381028669469324,3.286949872885161,2.062649291846003
127,multi_A1_1128,0,0,1,49.75140542226814,1,55.40655164121466,1,54.93476203809028,A,1,A1,1.2852756057507657,1.5105491447348431,0.7558311160302077,3.8219101630643992,3.382265086449992
128,multi_F4_1129,0,0,1,353.927426948821,1,351.4972621973837,0,0,F,4,F4,0.8495104325894576,0.4319396071821824,0.296074332908178,3.257629277037038,2.6381854580334476
129,multi_A♯9_1130,1,14926.19744901404,1,14924.70725017715,1,14923.639330986136,0,0,A♯,9,A♯9,2.482100114533891,3.1966640384564715,0.1605087882277516,2.8759079669732195,1.4453278800364175
130,multi_D♯3_1131,1,146.75626064356797,1,154.02172689387587,0,0,1,159.2272936902237,D♯,3,D♯3,4.1243679148810966,2.0699009243827025,0.3800974412060456,2.954596093478688,0.8511350672575138
131,multi_A♯3_1132,0,0,0,0,1,228.51032599128402,1,232.53072593389876,A♯,3,A♯3,2.2495285769502384,2.7094938476385124,0.2510099826079687,2.886679532310276,0.11490411573614467
132,multi_A6_1133,0,0,1,1755.032922809009,1,1759.134570597823,1,1751.4530820330358,A,6,A6,1.3552015300629177,0.2134962021505027,0.9859230612675719,3.9122771612819167,0.9465273447326361
133,multi_A♯4_1134,1,459.66134722211314,0,0,1,462.04784574996154,1,460.150720092289,A♯,4,A♯4,3.186476571742983,4.2716835581594506,0.6879505327476038,1.61667267112501,0.925167198972557
134,multi_F1_1135,1,45.04372838791467,1,44.209990741299904,0,0,0,0,F,1,F1,3.3136982092463096,1.1116162825651574,0.416577822713338,2.268292145212849,3.3063933629756836
135,multi_A♯5_1136,1,924.9571322504449,0,0,0,0,0,0,A♯,5,A♯5,2.3699648179165167,2.0293487435155515,0.5040487964461748,2.335168799192015,3.2655176393759167
136,multi_F♯5_1137,0,0,1,736.2164027190956,1,739.3338873818424,1,734.2122133507277,F♯,5,F♯5,2.863566696562764,1.8785055035900717,0.596834110028183,2.5311595691041644,2.726768230743
137,multi_C♯2_1138,1,66.3323538489913,0,0,1,67.76600951301207,1,74.5172181116812,C♯,2,C♯2,2.3847973534715683,2.8355526770285997,0.731683250178784,2.1500056041437055,2.629644365356127
138,multi_G♯5_1139,1,835.5375336034584,1,834.258647109987,0,0,1,838.3325675880196,G♯,5,G♯5,2.5154559339116576,2.2929879705952128,0.9002799422011002,2.481424025711139,2.710132069781991
139,multi_D♯6_1140,0,0,1,1241.7960593655257,1,1235.6226447787453,1,1245.541814996701,D♯,6,D♯6,1.4144255955316094,0.9855258623610802,0.8623728154129866,1.1940983712505548,1.98604103753253
140,multi_C2_1141,0,0,1,73.43451320068216,1,63.859094031088354,1,67.49262737687046,C,2,C2,2.7262809630730724,2.372894039283444,0.3172155995467473,0.6593756632443868,4.241449334399095
141,multi_C5_1142,1,525.2864714308358,1,520.5435787920964,1,520.2797483583618,0,0,C,5,C5,1.4751439734179344,1.3745534938711124,0.4797974008515359,2.6896591601069653,0.7244589351283603
142,multi_C♯8_1143,1,4441.2903226981225,1,4428.449427708019,0,0,1,4433.020828563697,C♯,8,C♯8,0.8220486956779649,1.698652472698371,0.3793091470882598,4.442671648882163,3.0366271827415003
143,multi_A♯5_1144,0,0,0,0,0,0,1,930.0623302912917,A♯,5,A♯5,2.0273337281893875,3.6213195233541073,0.11475703783909097,0.09619634095261731,2.451346735634607
144,multi_D7_1145,1,2345.802425879566,0,0,1,2354.4067010664317,0,0,D,7,D7,0.21699896960842355,4.122744138474504,0.7027011751294933,1.8332401087066528,3.8270167832104196
145,multi_G♯9_1146,1,13284.02216911519,0,0,0,0,0,0,G♯,9,G♯9,1.9510120878008446,3.995404106005082,0.5950061942874227,1.1207433145176948,2.9328404916763784
146,multi_D8_1147,0,0,0,0,0,0,1,4704.510103220895,D,8,D8,3.113474114497853,3.778171776577443,0.99091604133704,2.497965104962944,0.6103890039617592
147,multi_A♯3_1148,0,0,1,232.0124286384466,1,231.18454299312015,1,228.82137936821206,A♯,3,A♯3,3.31755196765582,2.8253172849872077,0.8626629279439322,1.2581619304771194,2.598968816879854
148,multi_G♯5_1149,0,0,1,836.936677167258,1,827.2622444193926,0,0,G♯,5,G♯5,4.439144851720875,0.9453273346410858,0.004943897198940506,4.245398465568475,0.3701293480695635
149,multi_B2_1150,0,0,1,117.46005966221135,0,0,0,0,B,2,B2,1.697658121248196,0.1384065915324997,0.6722788067260832,4.040936880265102,4.122998406954201
150,multi_D♯9_1151,1,9947.912704612727,0,0,0,0,1,9953.469659734857,D♯,9,D♯9,1.6386218726874295,2.2984436501834233,0.06776804021994898,1.9748117089537431,0.21309112486935955
151,multi_A♯9_1152,0,0,1,14915.017690270994,1,14920.640243283022,0,0,A♯,9,A♯9,2.608065724851673,1.7953230688036999,0.7504992937102015,3.489219799023304,1.47447463478326
152,multi_G♯5_1153,0,0,1,826.2694313949333,1,829.3236662832242,1,839.3517828150974,G♯,5,G♯5,1.8506157031423758,2.519403159568143,0.19760861141671837,2.861766889456037,2.7682142478334444
153,multi_C♯9_1154,0,0,1,8867.900078821105,1,8869.987090878478,1,8874.741317951655,C♯,9,C♯9,4.016555723406251,2.123900836340308,0.9949128655536752,1.9372211200364,1.9223223202170412
154,multi_C9_1155,0,0,0,0,1,8380.16410719271,0,0,C,9,C9,0.43019237768122276,1.8279596398810543,0.46394949453244894,0.3684952886211723,4.540694085178274
155,multi_C♯3_1156,0,0,1,134.81277952369456,1,140.19736017401493,0,0,C♯,3,C♯3,4.166304201251522,2.6851895444512044,0.6591808185525341,0.12419442480339493,2.2275627024226967
156,multi_D9_1157,0,0,0,0,0,0,1,9401.342732785062,D,9,D9,4.6147164852774845,1.6869037268605491,0.2651968905453367,0.2192973412845045,1.5420297734908557
157,multi_C3_1158,1,133.6837825785909,1,134.53593449050413,1,135.75143951695662,0,0,C,3,C3,2.7099841236156696,3.1185337242437665,0.2359987883167648,1.284653344114238,2.8868288080263267
158,multi_D♯5_1159,0,0,0,0,0,0,1,615.6826448931199,D♯,5,D♯5,2.311179412287625,1.9795430034144252,0.9650625638749443,0.28472750522975376,0.8362582792999307
159,multi_C1_1160,0,0,1,41.421140685810826,0,0,0,0,C,1,C1,2.4571874967897163,0.8699444648812121,0.2899296697284969,1.5626762829092045,4.98598933498138
160,multi_E8_1161,0,0,1,5278.835721541382,0,0,0,0,E,8,E8,2.5496305474866086,1.9847743610376198,0.39353975432876165,2.726240745582442,2.7393543458933296
161,multi_G♯1_1162,1,51.60643572732305,0,0,1,55.65801621790214,0,0,G♯,1,G♯1,0.46975332515554524,4.547581060489609,0.9217675004968761,2.7975850573989436,0.22052116782877995
162,multi_G9_1163,0,0,0,0,1,12549.589685170067,0,0,G,9,G9,0.0500883677719588,3.2914533459544524,0.24019288672818218,0.2763755615875163,4.588693779154056
163,multi_F♯1_1164,1,45.73440866293029,0,0,1,52.19837256958709,0,0,F♯,1,F♯1,0.8815978707393091,1.9403942836316195,0.2875083252004924,3.340534129861401,2.4511622975779614
164,multi_C♯4_1165,0,0,0,0,1,285.9754659508021,0,0,C♯,4,C♯4,1.3097344208232524,1.3565303401610036,0.11984398552035003,1.3353381960788209,1.2333621400656636
165,multi_A♯9_1166,0,0,1,14924.220549878217,0,0,0,0,A♯,9,A♯9,0.2627255009672598,3.8032525706960496,0.7387791030129711,3.4058882401042947,2.528133688232394
166,multi_A♯9_1167,0,0,0,0,0,0,1,14921.200770863254,A♯,9,A♯9,4.000463361926251,0.41279107040428353,0.5612259108744285,3.6272091363732937,1.9595364312961712
167,multi_F♯6_1168,1,1488.9281905539754,1,1483.2956563139928,1,1477.0707397369124,0,0,F♯,6,F♯6,2.92022418777046,2.7245591886457095,0.02471309569375202,3.3909413894269522,0.9642752341568783
168,multi_A5_1169,0,0,0,0,0,0,1,878.8658732088534,A,5,A5,0.07203365182873678,1.8869858568295472,0.03056919119103607,4.930734993514797,0.32899302241815254
169,multi_A8_1170,0,0,1,7035.088318133959,0,0,1,7039.16816562497,A,8,A8,4.032693714969092,1.808188648272611,0.9143949950975855,2.1122221246812822,1.2265435131435232
170,multi_A4_1171,1,437.97503108697543,0,0,1,445.4080208838842,1,431.61824917484637,A,4,A4,1.962642163007869,2.082944390986331,0.3818105799835565,4.053342332303938,1.901071113701862
171,multi_D4_1172,1,284.92685155198586,1,285.8431300899145,0,0,1,286.8127491780582,D,4,D4,1.1842510441964649,3.258307968522819,0.756128938117452,2.316384944466126,3.2410560428145905
172,multi_E3_1173,0,0,1,157.93158740462962,0,0,0,0,E,3,E3,1.7073900311510977,2.916194418873974,0.19305142083089755,2.43611812866676,2.940297421308168
173,multi_G♯8_1174,0,0,1,6646.884229908756,0,0,0,0,G♯,8,G♯8,3.676438254547617,0.2372951198511425,0.886569516730778,1.4343968769348214,2.433527463181848
174,multi_E2_1175,1,83.24511076875764,0,0,0,0,1,90.73017098573712,E,2,E2,3.5861694176450776,1.337040594601523,0.4950054483776464,2.4238512574349107,1.6670266084401686
175,multi_D♯9_1176,0,0,0,0,0,0,1,9964.633153508277,D♯,9,D♯9,0.9329395921919059,3.97158934449748,0.18659217478079138,0.5197300246530456,2.8043224919395215
176,multi_G♯9_1177,0,0,1,13294.57807023542,1,13289.201199088446,1,13295.963776869547,G♯,9,G♯9,3.9572334568325354,2.7879863607000654,0.028902642541718038,0.4743624790229638,2.7804177034444355
177,multi_A♯6_1178,0,0,1,1870.0389639653122,1,1871.8200518038823,0,0,A♯,6,A♯6,3.3776666959843866,3.8825633741794756,0.7970171307863356,1.6603882110468506,1.0793817187892876
178,multi_A♯3_1179,0,0,0,0,0,0,1,231.18190145685537,A♯,3,A♯3,3.2848262468380374,0.8116248556233496,0.31080052904393707,2.968571299677837,0.7648236520798363
179,multi_A5_1180,0,0,1,876.6712742797932,0,0,0,0,A,5,A5,1.0897979284146069,4.134350641915841,0.8544840723062732,3.6267271844311444,1.0263906332976624
180,multi_F5_1181,0,0,0,0,0,0,1,705.8675371502279,F,5,F5,2.4941152866431637,2.0019282249543995,0.0847127220381847,3.751806710927765,1.7521497774746708
181,multi_G9_1182,0,0,0,0,1,12550.623308716094,1,12546.985774787583,G,9,G9,0.4577749441825618,0.5634397517950723,0.4515600608170036,0.49354662753312684,3.70111327451873
182,multi_E2_1183,1,79.89802299518279,1,80.18627412115579,0,0,1,87.30139329520355,E,2,E2,4.545879861467136,0.62334249024803,0.9165613738567265,0.7469553823498226,2.2835776689166725
183,multi_B7_1184,1,3954.6582988368255,0,0,0,0,0,0,B,7,B7,3.0742841150428517,0.7490887158334764,0.022808575230183203,1.1920118220831477,2.5946671244652237
184,multi_B7_1185,0,0,1,3945.2044477627082,0,0,0,0,B,7,B7,2.3364876342493504,3.8524264553151935,0.5551707235409161,2.5341584089152525,1.276927501520204
185,multi_D6_1186,0,0,0,0,1,1167.8541404428815,1,1167.5040457884465,D,6,D6,1.836884798181964,2.7115568961500447,0.5300960457854968,2.6691404000161825,1.217604608816606
186,multi_A♯8_1187,1,7451.891775926352,0,0,1,7467.416421815503,1,7455.0098677517935,A♯,8,A♯8,2.1407298665621064,3.246443695282505,0.06504388001500527,0.8189286691964925,3.793897768958896
187,multi_D3_1188,0,0,1,140.66949789216883,1,142.11500090404638,0,0,D,3,D3,0.8836482306095728,0.06044774273755216,0.7440092174040696,4.188615281265792,3.884960603634241
188,multi_G4_1189,0,0,0,0,1,390.6215015392216,0,0,G,4,G4,2.601327765998996,1.1649767397545399,0.6027462613688404,1.9359796969062208,4.297715797340243
189,multi_F♯5_1190,1,731.2809627299945,0,0,1,745.6259969561644,1,739.6447142275828,F♯,5,F♯5,1.4727141434434872,1.910375881018807,0.14449459016668953,0.3094125729303304,4.143195710478601
190,multi_G6_1191,0,0,1,1570.8124544586763,0,0,1,1573.4396306809606,G,6,G6,1.6731471758722538,3.802218289462726,0.7664991425608505,3.4775639200118227,1.0470706146531976
191,multi_D♯5_1192,0,0,1,626.9319222026995,0,0,1,616.4293269981782,D♯,5,D♯5,3.2202888792630286,1.7928609650127876,0.13282289710998385,2.183425716740657,2.8034244389835257
192,multi_A7_1193,1,3520.0195169788085,0,0,1,3525.7580816072973,1,3520.9344553537403,A,7,A7,3.0198005620693524,1.5974644915767517,0.9973042391915495,2.522367258476599,2.860367687877297
193,multi_C♯3_1194,0,0,0,0,1,135.07342270509363,0,0,C♯,3,C♯3,0.646370598248821,1.1278001829017366,0.9958503020141531,4.205743704284016,3.0849451305117426
194,multi_C♯1_1195,0,0,0,0,1,38.53908923654123,1,35.98538897202113,C♯,1,C♯1,1.6880486576376519,0.7010782384951686,0.8340979595477128,3.1468944233175544,3.4119125790186526
195,multi_F♯8_1196,1,5915.341047192349,0,0,0,0,0,0,F♯,8,F♯8,2.7622104630284294,1.731788212110907,0.8623469921693816,0.7310650067670088,3.8926321559571972
196,multi_C♯9_1197,1,8871.618682104372,0,0,0,0,1,8864.125796910663,C♯,9,C♯9,0.9293060542030634,3.091155218372194,0.00792058377211724,0.792095324425724,3.2318528643731987
197,multi_D♯8_1198,1,4986.85895624301,0,0,0,0,0,0,D♯,8,D♯8,0.8386904986030613,2.9050227774427393,0.6292897375070532,4.9268294487500395,1.266850797201828
198,multi_F1_1199,0,0,0,0,1,34.96963896459755,1,42.989355276416696,F,1,F1,1.1041127247848874,2.5773397195969943,0.35526119633660524,2.915527527220728,3.40302002839739
199,multi_G4_1200,1,396.9839552301009,0,0,1,400.8458832558338,0,0,G,4,G4,3.2734074622262184,2.8814114756712126,0.7985501451830898,2.522405772293697,1.3227752898088718
200,multi_F♯3_1201,0,0,0,0,0,0,1,186.4864427009682,F♯,3,F♯3,0.2517522365077435,4.7068184538754245,0.6505804894132162,0.41379790473116684,2.420828957797246
201,multi_G5_1202,1,780.9669742663857,0,0,1,787.0546922934361,0,0,G,5,G5,3.798596642065768,1.6339540567153872,0.9533842535283091,0.45610617307751955,2.526246405757907
202,multi_F3_1203,0,0,0,0,1,169.566904772426,0,0,F,3,F3,3.8557308589673465,0.30196034876012356,0.36025602804638746,0.9675350663419413,4.210401874469886
203,multi_D5_1204,1,586.556520120117,0,0,0,0,0,0,D,5,D5,2.609038161119192,3.723423176064814,0.6943953791079052,1.2010100148145224,2.4665286480014714
204,multi_A7_1205,1,3526.580671604745,0,0,1,3525.0473792888088,0,0,A,7,A7,1.5454203535980249,2.4927139966739,0.6858157619248625,3.1382566151316236,2.823609034596452
205,multi_G♯2_1206,0,0,1,95.34718915192272,1,110.02318324334512,1,112.30236243808785,G♯,2,G♯2,1.9764057712775291,3.7156695776563895,0.6454803325385171,2.3469863564908255,1.9609382945752567
206,multi_B4_1207,0,0,1,497.0296635273058,1,487.08694222357,1,502.3722614595778,B,4,B4,1.7624334750372088,0.9011040550725602,0.8622482831529399,1.495775778902081,0.5332200315788455
207,multi_C2_1208,0,0,0,0,1,70.7676472199169,0,0,C,2,C2,0.3687139773843323,0.8892999434822269,0.7886391406337326,0.3184853133710214,0.0035629572839745993
208,multi_G8_1209,0,0,0,0,1,6273.383927629116,0,0,G,8,G8,1.5794245456075533,0.8830201081082106,0.5322468425013793,1.8998860908737436,0.44592260706943054
209,multi_G2_1210,0,0,0,0,0,0,1,99.66215437918206,G,2,G2,0.813705550500286,0.06298317909896434,0.10219466698685697,3.9858996833859184,4.191053909253305
210,multi_G4_1211,1,384.6791792133807,0,0,0,0,1,393.89971311142585,G,4,G4,1.4594733111869456,1.438033051351975,0.5022164562197953,0.5806046748162891,2.140120083136359
211,multi_A2_1212,1,107.38306745105741,0,0,1,113.80621826358407,0,0,A,2,A2,2.825670833415349,2.8570721549126055,0.984713682152386,3.2201787073160486,1.0970783043559975
212,multi_D2_1213,1,67.8089941534159,0,0,0,0,0,0,D,2,D2,2.685543349600567,0.9300114884866907,0.238396904554804,3.8318235801506217,2.5526215817621205
213,multi_C♯5_1214,0,0,1,556.8802986719361,0,0,1,553.7410873026306,C♯,5,C♯5,0.5629964885495631,0.713078805672035,0.8087055593173791,3.743085510315047,3.3887432070508967
214,multi_A♯8_1215,1,7466.252945107358,1,7462.736118698727,0,0,0,0,A♯,8,A♯8,1.942118180997513,0.2037501798513741,0.05134344639308819,0.8170877562600259,0.4374468332471676
215,multi_F♯2_1216,1,97.00608692509428,0,0,0,0,1,89.91521801725374,F♯,2,F♯2,0.4696728886835988,2.2291763637143527,0.5234485499620359,2.831337615596317,4.348041508144281
216,multi_E4_1217,0,0,0,0,0,0,1,321.8794419401627,E,4,E4,3.136769413677909,0.8838359354999581,0.6317941579732186,4.268010177035007,1.612285046339415
217,multi_G♯3_1218,1,216.35643754391484,0,0,1,202.540511361352,1,208.1883335629484,G♯,3,G♯3,0.14615468524904418,2.16912325792656,0.7695972630509259,3.977562488077207,1.2919370886792576
218,multi_F♯3_1219,1,190.19302001004982,1,185.6933250553187,1,178.9996318512733,0,0,F♯,3,F♯3,1.1653601864201535,0.46539855881732095,0.37850717411885604,4.251781293099757,3.131233397084916
219,multi_C8_1220,0,0,0,0,1,4181.153065900062,0,0,C,8,C8,1.0759038515762065,4.773030087723688,0.4267372593365101,1.4545832381645651,0.5210553458952871
220,multi_G3_1221,0,0,1,190.51546110031362,1,203.5415835458583,0,0,G,3,G3,3.158144981696526,1.6466018271379332,0.05320763832569897,2.169890902848657,3.0253622883168836
221,multi_F♯5_1222,0,0,1,739.1933604785764,1,744.0724174195342,0,0,F♯,5,F♯5,2.6319109758669286,1.2527914388630341,0.5338901247649548,3.7987150773496365,0.7324817598300015
222,multi_A♯7_1223,1,3734.1193858596043,1,3726.2502256480166,0,0,1,3724.5978292468826,A♯,7,A♯7,3.0569557681636486,3.5284460323889633,0.9287518416822104,2.060141658802093,1.3544565406452946
223,multi_C♯4_1224,1,273.46845006019475,0,0,0,0,1,285.5006858466168,C♯,4,C♯4,3.394798821985738,3.957219207280774,0.9161590027587714,1.7865714299196467,0.8614105408138435
224,multi_D4_1225,0,0,1,288.9161169716915,0,0,0,0,D,4,D4,1.0356726364886926,4.610174615865775,0.9321943746391795,0.17984586209764175,2.4659315601289196
225,multi_G5_1226,1,780.4419745024932,1,787.6642625285243,0,0,1,786.8836168029407,G,5,G5,1.9351114280776696,2.626885463516616,0.025549061356707425,1.4437576613647107,3.9942454470410027
226,multi_A♯5_1227,1,933.2456112788444,0,0,0,0,0,0,A♯,5,A♯5,0.28034010128038467,1.230982456216334,0.891613675069012,0.832312658270527,3.1951016015626927
227,multi_D♯8_1228,1,4984.606453865188,0,0,0,0,0,0,D♯,8,D♯8,0.7230509520776474,3.14221853408713,0.9819716802000412,1.0865141151673041,2.1566105545321568
228,multi_F9_1229,1,11184.167147016396,0,0,0,0,0,0,F,9,F9,2.2123676568173454,2.394573634742087,0.1161432938001482,3.3649626178675467,2.028096090573021
229,multi_A1_1230,1,51.23519212070269,1,51.76304960888972,0,0,1,47.57799371236495,A,1,A1,3.184756159718481,1.6420641732123311,0.7726428860316921,3.0527269412926805,2.120452725776509
230,multi_G♯8_1231,0,0,1,6637.897953104007,0,0,0,0,G♯,8,G♯8,2.339196915169572,2.674606343530041,0.21830276926225578,1.765376157895182,0.9457252744225403
231,multi_G4_1232,1,395.61522292087596,1,391.8305197950636,0,0,1,386.9949129421266,G,4,G4,3.972277067350326,1.5863193135680047,0.6061345184513451,2.9184026809564187,1.52300093812525
232,multi_C♯2_1233,0,0,1,66.2992332913096,1,78.09403625992391,0,0,C♯,2,C♯2,1.5500819162378345,2.8120958056954675,0.04989665515277031,3.0727249798423677,2.5650972982243303
233,multi_D9_1234,0,0,0,0,1,9404.851183477695,0,0,D,9,D9,0.5192457387228017,0.6112494931151363,0.21271970193497514,4.522743865857851,0.10775127340080126
234,multi_A2_1235,1,103.26838837282492,1,106.2348669945957,1,108.24698797543927,0,0,A,2,A2,0.385131768687932,3.128270871801835,0.5272548475869578,3.218818125862607,3.267779233647625
235,multi_A5_1236,1,879.8465089404681,1,885.1121259250006,0,0,0,0,A,5,A5,1.3935921516345835,4.512423847113577,0.6353276298742355,1.7207561860620912,0.6350644017190682
236,multi_C9_1237,1,8366.593352857515,0,0,1,8369.272008127387,0,0,C,9,C9,3.44333658708749,2.047495706168372,0.941396747093425,2.116983863203131,2.392183843541008
237,multi_A♯5_1238,0,0,1,932.9365082169863,0,0,1,938.9386535680283,A♯,5,A♯5,4.750789635044226,2.3438253095998096,0.2203144296997508,0.752000614714643,1.318791473239973
238,multi_A5_1239,1,876.5487983882931,0,0,1,873.1560576311849,0,0,A,5,A5,2.502831563228336,0.026178301812427307,0.18132951675697817,3.6706350228863043,1.3690172216004926
239,multi_D♯3_1240,0,0,1,149.5907985981441,0,0,1,158.06315248620186,D♯,3,D♯3,0.6324595859115022,3.2080179896631478,0.8746369909605939,2.3664778178364188,3.7930446065889303
240,multi_B1_1241,0,0,1,59.06374526056783,1,55.06332592540508,1,67.50097784088169,B,1,B1,0.7019900556935788,0.0027243791417208563,0.27571647856332093,0.6665991308412411,1.8346442408149426
241,multi_G♯7_1242,1,3330.5116056538054,0,0,1,3324.814433913981,0,0,G♯,7,G♯7,3.13339004014378,2.520840173865695,0.7088439544287088,1.978276048132942,2.3674937378575827
242,multi_G3_1243,1,187.6227601736506,0,0,0,0,1,199.03477251258676,G,3,G3,0.6160349561484707,1.3638062590924456,0.9183265993627722,2.794685918675466,2.1034190443919702
243,multi_D♯7_1244,0,0,1,2485.949238144588,1,2485.4008435099836,0,0,D♯,7,D♯7,4.416347280269828,0.45930682853289,0.32062550706059867,1.2697050888163628,3.8546408023809198
244,multi_C♯2_1245,1,71.59477954291806,0,0,0,0,0,0,C♯,2,C♯2,3.2419108029640933,2.8404366028654437,0.42032163414299983,3.254774291924644,0.66287830224582
245,multi_F♯1_1246,0,0,0,0,1,43.07648208947503,1,46.01504571035889,F♯,1,F♯1,0.8144468296101276,2.4219714124937846,0.03546342556163218,1.1522212942617487,1.5099683037281686
246,multi_F♯9_1247,0,0,0,0,1,11834.17424421754,1,11843.677060168837,F♯,9,F♯9,0.3579538494862411,0.26124153022883956,0.0891077664768758,0.8374393042285161,4.360792655349172
247,multi_A9_1248,1,14072.81250311468,0,0,1,14079.484462170176,1,14080.143150738953,A,9,A9,3.686379415742891,1.3823668200180663,0.8049603332414857,1.7953082874240203,3.1359454768150217
248,multi_G5_1249,1,790.2841365143877,0,0,0,0,1,782.6127879058935,G,5,G5,0.2344807727593201,2.5532189229073476,0.31105996866454033,3.780990689249712,3.305533495085309
249,multi_G♯2_1250,1,108.19556591498736,0,0,1,95.76412979442391,0,0,G♯,2,G♯2,3.594386491328849,0.036370996566125746,0.5261866310476351,1.663422342339989,2.636347914962043
250,multi_B6_1251,1,1979.4517055528756,0,0,0,0,0,0,B,6,B6,1.9599010251160476,1.679823271237173,0.9366472252593098,3.1638040269543857,3.1964716766923953
251,multi_D♯3_1252,1,154.41411973933933,1,149.5890008322775,1,148.21401342163207,0,0,D♯,3,D♯3,1.887515316022298,2.9911613079941186,0.7541444495934224,0.4685315565486259,1.625186509906123
252,multi_D♯2_1253,0,0,1,72.97111304425415,1,77.98657005387157,0,0,D♯,2,D♯2,3.512753921769798,2.4243126828790427,0.038166681014159654,2.0559890117143493,2.0069443836368106
253,multi_A9_1254,0,0,1,14071.481499710548,1,14084.94838030721,1,14082.87745901455,A,9,A9,2.385253107588974,2.867768055539149,0.09125107017639145,2.850821047764942,1.8961577891069359
254,multi_C4_1255,0,0,0,0,1,264.82606761538943,0,0,C,4,C4,2.549744170306652,2.409785846373209,0.13121101244116096,0.01245809359783745,3.0297973308247443
255,multi_A♯8_1256,1,7453.229260973648,0,0,0,0,1,7452.074886303436,A♯,8,A♯8,2.391512560525924,2.7990643504011765,0.345616156938366,1.574688140190487,3.234734948882413
256,multi_G5_1257,1,776.5507769601905,1,776.6928096824862,1,784.7978731960893,0,0,G,5,G5,0.0400489697815154,4.068106072679962,0.2910649442819867,1.345773610630518,2.8224458481940666
257,multi_A5_1258,0,0,1,879.1540098724857,0,0,1,875.5716248654562,A,5,A5,2.998287247649562,4.185859523679412,0.03854332134284888,0.773735594131786,2.0421176345392418
258,multi_F4_1259,0,0,0,0,1,357.195495404552,0,0,F,4,F4,3.3774171039882344,1.0647374061320236,0.8055819696924367,3.40201803510605,2.1558274547736915
259,multi_A2_1260,0,0,1,112.54073115032844,1,105.831114366043,1,112.51512897452842,A,2,A2,2.421474479026335,3.5783181363121903,0.04826569717530116,3.0802302661094196,0.9199771185520553
260,multi_F4_1261,1,357.65405380704163,0,0,1,346.60007363844437,0,0,F,4,F4,2.013575024779783,4.584731448339597,0.358335393211449,0.5904677475727504,0.21611835149122904
261,multi_G♯1_1262,0,0,0,0,1,45.245554854136635,0,0,G♯,1,G♯1,3.854279951487224,1.101894437122221,0.7544320312218423,2.662047216885874,2.3817783945046798
262,multi_G♯1_1263,1,52.58276698530555,1,57.40433945307184,1,58.38061678304199,0,0,G♯,1,G♯1,4.2604600762883384,2.715705901891017,0.5245499870825681,2.6775801553929264,0.34625386642771716
263,multi_G♯6_1264,0,0,1,1662.6234867125602,0,0,0,0,G♯,6,G♯6,1.1743267163015505,2.5449296441173335,0.12935101387690995,3.051756607520745,3.22898703206037
264,multi_A4_1265,0,0,1,437.69502352853635,1,442.6642295576532,1,448.7306621384696,A,4,A4,3.9422779226377482,0.4895790938360861,0.3981882987371579,2.8235908679375092,1.672592075514402
265,multi_B7_1266,0,0,0,0,0,0,1,3955.031850688983,B,7,B7,2.4378545293259886,2.5733903814592813,0.16279902365498589,2.2135786408054416,2.7751764484092893
266,multi_A2_1267,0,0,1,111.15395953417232,1,110.0157506043301,0,0,A,2,A2,1.8292531621336505,0.14168093087377592,0.7685003563652706,3.673729251500391,4.355336655492182
267,multi_B7_1268,0,0,1,3949.2212594660054,1,3957.2813714497943,0,0,B,7,B7,1.488437330712949,2.6030171048304487,0.568687392669971,2.5096973573998875,3.3988482070567145
268,multi_C8_1269,0,0,0,0,0,0,1,4193.388293225491,C,8,C8,4.711770805901586,2.5108663368552033,0.1309282210690672,0.44911715539060587,2.3282457018526057
269,multi_D4_1270,0,0,0,0,1,300.08099436923237,0,0,D,4,D4,0.6464533583302295,0.25616046285265703,0.23805557530561094,1.602327415009483,0.9790714345668017
270,multi_C9_1271,0,0,1,8374.798134220828,1,8365.216476469352,1,8378.820832360045,C,9,C9,2.989330273073669,2.5330444477928253,0.12093493709892766,3.0889097260964222,1.3887155530370825
271,multi_G8_1272,0,0,0,0,0,0,1,6274.564656088924,G,8,G8,2.8586754536400734,2.923307421204477,0.696997990134203,1.4700895461290164,1.390264338327512
272,multi_G9_1273,1,12536.813114412525,1,12537.809246833638,0,0,1,12544.991103406497,G,9,G9,0.9992342041525536,2.1820126939880216,0.5266083111490999,4.153463555052493,2.6652895468069318
273,multi_D7_1274,0,0,1,2350.4961336601878,1,2354.272107565364,0,0,D,7,D7,0.3391526225365854,4.421842754363514,0.1703400727519857,0.7362608913265123,2.603000035331328
274,multi_A♯6_1275,0,0,0,0,0,0,1,1868.3541643858578,A♯,6,A♯6,3.4466214030635474,3.422684249696248,0.7897456562497654,0.954639551571349,0.06391872379002295
275,multi_D4_1276,1,288.9437124559882,0,0,1,301.43685854260656,0,0,D,4,D4,2.194968819803069,3.8900962726752693,0.7453902778688251,0.1672248361066423,3.7477100714150207
276,multi_G♯9_1277,1,13282.583295897379,1,13284.999689016093,1,13287.649409471036,0,0,G♯,9,G♯9,0.40310941817939205,1.2960105582715165,0.9111526653331162,2.526771428589168,1.875186784229859
277,multi_G4_1278,1,396.6638267177306,0,0,1,392.2739547516134,1,390.7465443214342,G,4,G4,0.5743135887514322,3.316823598141543,0.742168491302181,0.3306558001221954,1.9148469572475784
278,multi_B8_1279,0,0,0,0,0,0,1,7900.934701068147,B,8,B8,1.4391937481328747,4.100223953030761,0.6447977789414063,0.6302197169639556,2.822023627652857
279,multi_D6_1280,0,0,0,0,0,0,1,1166.7514005424778,D,6,D6,4.003872098738949,1.6733165954039548,0.111330115062515,0.8200290090530904,1.507552860883511
280,multi_A5_1281,1,885.4268691821753,0,0,1,871.6962519702679,0,0,A,5,A5,2.8171819495985333,1.516202483940781,0.4695546557724427,0.00818680407560779,2.930612678455182
281,multi_D2_1282,0,0,0,0,1,73.41960644549626,1,71.98427097573148,D,2,D2,0.5265980678240284,3.8550807541297716,0.6346984849073759,3.764050984021709,1.4469004350309538
282,multi_E7_1283,1,2633.846503258091,1,2633.5408517271053,1,2639.649032965739,0,0,E,7,E7,3.147180707151965,1.7909633657009665,0.03021112798199843,0.5504307811543258,1.6820536641568835
283,multi_D1_1284,0,0,0,0,0,0,1,33.452166344087495,D,1,D1,2.320311484979316,2.756915344271374,0.1698623004963018,0.31969464267337955,4.603078528075929
284,multi_F6_1285,1,1396.402954269349,1,1405.2661957485273,0,0,0,0,F,6,F6,1.8233546223533605,3.4107522084162016,0.2518862968030384,3.6668271216287125,1.099066047601725
285,multi_E3_1286,0,0,0,0,1,171.14229866425742,0,0,E,3,E3,3.545890436892579,1.9766791143340563,0.8893555243204004,2.4029518714614047,0.08787281242976841
286,multi_C4_1287,1,264.06904801054367,1,263.49929518788207,0,0,1,261.4532648806881,C,4,C4,3.7012154427248842,3.313775787000529,0.2840825639765907,2.3261720771245122,0.658836693150076
287,multi_A3_1288,1,222.73557068815467,1,224.7098539037369,0,0,1,225.342137073118,A,3,A3,2.3443248847389424,4.990013540946249,0.4433146382033518,0.012897401766573946,2.3192307057422483
288,multi_D9_1289,0,0,0,0,0,0,1,9395.578765771423,D,9,D9,2.6878914957910762,0.8884465120320123,0.5874392481854595,2.1466363442067844,2.9699425500101038
289,multi_D♯8_1290,1,4972.149149671609,1,4970.744120522305,0,0,0,0,D♯,8,D♯8,1.1643054620047109,3.815475964934102,0.17313325149161185,2.4937402560771713,2.526478316984017
290,multi_A4_1291,1,447.24274500291716,1,432.78948256471693,1,446.5948986040411,0,0,A,4,A4,0.37658345644165314,0.762883966149559,0.7833367140830758,3.415836894284636,0.5138134776125963
291,multi_C9_1292,0,0,0,0,1,8371.181902686465,0,0,C,9,C9,3.6770617954187577,3.328593937509877,0.9790084755577273,1.550281230020614,1.4440630370507526
292,multi_D♯6_1293,1,1242.664462864916,1,1246.9154342345244,0,0,1,1247.352654975353,D♯,6,D♯6,0.2042756005532781,1.5817919184551004,0.5435726231857855,3.2048203133956115,0.27561865321639734
293,multi_F♯2_1294,0,0,1,90.41988134304474,0,0,1,84.3666298634503,F♯,2,F♯2,0.7513259717027998,3.303640626907078,0.6646303175061128,1.9949961778804026,2.4638532612963058
294,multi_C♯7_1295,0,0,0,0,1,2213.8075287430074,1,2226.2285751442446,C♯,7,C♯7,2.0929488024024883,3.6593832387971816,0.4683580880048104,2.5416941224492597,1.705973836351071
295,multi_B8_1296,0,0,0,0,0,0,1,7906.944500922113,B,8,B8,1.3096389786382385,0.12228623641436599,0.33223621779664225,4.256481891707474,4.311592893239922
296,multi_A♯9_1297,1,14909.064428784719,0,0,0,0,0,0,A♯,9,A♯9,0.5153694279272658,1.7922014846783285,0.7850409951330337,4.159432635484628,2.027033158966641
297,multi_F7_1298,1,2796.751832986676,0,0,0,0,0,0,F,7,F7,0.44794129578892894,3.7699859777243763,0.7736228661916129,2.6383790843743715,0.007855091350162935
298,multi_B5_1299,1,980.4916623998704,0,0,1,993.0135489762619,1,995.3314326208721,B,5,B5,1.9191532415905668,2.839287865568799,0.36175248594481657,3.366775382497505,1.8747835103431294
299,multi_F♯6_1300,1,1472.437415572121,0,0,0,0,0,0,F♯,6,F♯6,3.6171233533489167,0.5851211342419993,0.5747998913024632,3.9396300864566394,1.8581254259524453
300,multi_A♯3_1301,0,0,1,226.5924068085447,0,0,0,0,A♯,3,A♯3,2.34460730052785,3.112354628161074,0.4083781721810693,0.9699186104424338,3.5731194608686416
301,multi_C9_1302,0,0,1,8364.251686745125,1,8374.361439861057,0,0,C,9,C9,3.3280639579502442,2.540235119380481,0.9764610374700298,2.7711121140361237,1.3605888086331503
302,multi_D♯8_1303,1,4975.496778511717,1,4974.05600766005,0,0,0,0,D♯,8,D♯8,1.0073399278517288,2.5639656078241972,0.3973609717393408,4.195516477044312,1.3936425351971615
303,multi_G5_1304,1,775.38160190022,0,0,1,791.6452611613557,1,789.5530955653409,G,5,G5,2.7086374837666116,1.5307422468692495,0.19908433288731453,4.319147402360987,0.8104234601598115
304,multi_F♯4_1305,0,0,1,370.0871252691961,1,362.93188841375314,1,367.6088444138272,F♯,4,F♯4,3.400327625621684,0.09167899109002287,0.9042268422387844,2.919382594644042,1.8429066552672118
305,multi_D9_1306,0,0,1,9391.251089186828,0,0,1,9404.651760024051,D,9,D9,4.325311244500043,1.0603910237760161,0.5723424238840079,3.431159903600217,0.847724309114265
306,multi_G♯1_1307,1,49.30438674688054,0,0,0,0,0,0,G♯,1,G♯1,3.1850019564656122,0.6015291475805986,0.4322826011125177,2.8077399714772926,3.4057289244764974
307,multi_B7_1308,0,0,0,0,1,3942.5243251810743,1,3946.45141496876,B,7,B7,2.256667432347466,2.769827210282792,0.6318981634128689,0.5494440484282764,2.6761784905661457
308,multi_D7_1309,1,2350.4933438274925,0,0,0,0,0,0,D,7,D7,1.9401536427979569,2.3668627241553644,0.9691940195737507,3.5218726924686563,2.171110940578023
309,multi_F♯7_1310,1,2956.710694109014,0,0,0,0,1,2961.793768193416,F♯,7,F♯7,2.1210554200692977,2.7995993744412986,0.4645214664081355,1.5842859968905216,3.495059208598882
310,multi_F♯1_1311,0,0,0,0,0,0,1,38.35987025952731,F♯,1,F♯1,2.6665258656306157,0.24604288891339143,0.01073935913707491,1.8726936532920435,1.7539870782793803
311,multi_A6_1312,0,0,1,1759.8385448940633,0,0,1,1763.369680030457,A,6,A6,2.7783498956554005,2.5484622802046326,0.6422515290494569,1.8968661349351712,0.7453811298214019
312,multi_C8_1313,1,4181.183007985176,0,0,1,4178.946777787125,1,4190.273484935593,C,8,C8,2.747292022678019,0.4694437861282952,0.649245263824608,3.9720561399544465,1.126603579647938
313,multi_A♯6_1314,0,0,1,1867.5410138779712,1,1864.2349290546556,0,0,A♯,6,A♯6,3.9867158243046625,0.5365031703641893,0.109697311573974,2.2881117116713714,3.188669293659777
314,multi_C♯7_1315,0,0,0,0,1,2212.8545897233844,1,2224.985426210749,C♯,7,C♯7,3.3604696731882933,1.9887808322699358,0.7637120866348741,3.311387946325265,1.3393615482165049
315,multi_A♯9_1316,0,0,1,14911.928253084974,0,0,1,14921.256394670778,A♯,9,A♯9,3.3573753489349762,1.0423514562321428,0.7996405615868517,3.8682208281894663,1.7009417595359828
316,multi_C♯2_1317,1,69.14613433367876,0,0,1,66.77254672144886,0,0,C♯,2,C♯2,3.486261362104459,3.2035856429165404,0.8684477511171559,1.5023302648822014,1.8078227300967984
317,multi_G♯4_1318,0,0,0,0,1,418.2518788383738,0,0,G♯,4,G♯4,4.735758799122174,1.2778981605019242,0.04282772721842398,3.3736693619753106,0.18585942728046867
318,multi_G4_1319,1,397.28140663815003,0,0,1,389.7203047445279,0,0,G,4,G4,3.128975867781062,2.3402943467633555,0.5187451558475101,2.2854073849073737,2.2453224005482095
319,multi_C♯6_1320,0,0,1,1114.0710356051782,1,1111.77965316092,1,1106.2419627479535,C♯,6,C♯6,3.002112199867536,0.7920236399479152,0.5478001809093714,3.029233008074706,3.1766311521098425
320,multi_C2_1321,1,64.53128029409993,1,59.66002098959251,1,66.26449201941263,0,0,C,2,C2,1.137133099770977,3.604993331881353,0.2669715656056514,3.3220168145962123,1.935856753751457
321,multi_B6_1322,0,0,1,1981.1555090236948,1,1975.5626310435214,0,0,B,6,B6,0.858622320090302,3.1884441735561073,0.41952975482567656,2.238075689661492,3.7148578166920987
322,multi_G3_1323,0,0,1,196.7687645162204,1,194.8368267208093,1,194.6526179098773,G,3,G3,2.919140945769455,2.404425530651195,0.11268020434163584,2.341145745572463,2.335287778006888
323,multi_A6_1324,1,1752.0021040906718,0,0,1,1765.8836291815144,0,0,A,6,A6,0.9992390999677447,4.159691412572615,0.37381610584437375,2.6582682974509657,1.0902050730642276
324,multi_D1_1325,0,0,0,0,1,39.450034187208736,1,42.01649101144599,D,1,D1,0.5982078569226418,0.9138234947623047,0.2693157418233614,4.563667673476118,1.6990675815770506
325,multi_D♯6_1326,1,1249.5955999554103,0,0,0,0,0,0,D♯,6,D♯6,2.665603349218961,2.163795026285281,0.47732170356425185,3.8508047728876176,0.8448094815852741
326,multi_B1_1327,0,0,0,0,1,57.316783943606545,0,0,B,1,B1,3.680208052797525,3.0647294048569873,0.966620103802569,0.261343962950901,2.9937185793945877
327,multi_D♯3_1328,0,0,1,153.19751440762812,0,0,1,155.95614404655788,D♯,3,D♯3,3.0767687102380887,1.9926042393854193,0.49566272135916434,2.3613599089484802,2.56926714142801
328,multi_C♯4_1329,1,279.6365500401802,1,285.00559485665815,0,0,0,0,C♯,4,C♯4,0.48904752673352975,3.653088836998124,0.011962957901889948,2.648000243300578,3.2098633929677685
329,multi_A6_1330,1,1764.362873534421,1,1752.6643522893173,0,0,1,1756.580895573549,A,6,A6,2.4068426769532674,3.481401053517041,0.09046648531814494,1.546309308121661,1.881423415904363
330,multi_C♯5_1331,0,0,0,0,1,553.0188397146726,1,552.2371799737779,C♯,5,C♯5,3.3202631378438854,3.1572485334307503,0.6676268452074366,0.33454234267478955,1.7855082886972222
331,multi_A5_1332,1,882.7060777181284,1,886.6439798357413,1,885.2386223010118,0,0,A,5,A5,3.925689141313817,1.8801005375177058,0.696737421688904,2.0054252164073403,2.188785104761138
332,multi_D1_1333,0,0,1,32.25030007306759,0,0,0,0,D,1,D1,2.4029783487332907,2.390961299162932,0.6171651019718328,3.2543270359105145,1.9517333161932635
333,multi_F4_1334,1,340.507474052974,1,353.83734441879363,0,0,0,0,F,4,F4,0.5359768998610076,4.741021943675997,0.4118384781076134,1.7296459060602758,2.9933552504027188
334,multi_F7_1335,1,2798.4247594965013,1,2791.5532713153225,0,0,1,2786.5463335651725,F,7,F7,1.0819599254732148,3.366538499288139,0.40200724964737555,2.548920069321468,3.0025815059171768
335,multi_E1_1336,0,0,0,0,0,0,1,46.84316120408709,E,1,E1,4.129317544002421,1.6825109801489646,0.6876846969300638,2.1950469477276267,1.993124528120987
336,multi_A5_1337,0,0,1,881.4437194923589,0,0,1,876.8214334082996,A,5,A5,4.578982848540491,2.2359843225064884,0.20508215397876783,0.5549931229833659,2.630039705969655
337,multi_D♯9_1338,1,9950.044774046377,1,9964.471870574878,1,9961.11539192348,0,0,D♯,9,D♯9,2.1328417226193563,3.922384806589123,0.5686065297668677,3.146814761978485,0.797958708813034
338,multi_D♯1_1339,1,34.2196254199027,1,43.534312896720294,1,46.37681231104523,0,0,D♯,1,D♯1,0.8916664619782677,1.6389103510650405,0.6733658794207207,1.5567878044872034,2.1751676348332745
339,multi_A5_1340,1,873.8801899704185,1,881.3125917004203,1,882.2293856956026,0,0,A,5,A5,2.5793843948542134,2.4752384061365507,0.5458156228227116,0.8797791463120352,2.9455826443333857
340,multi_A5_1341,0,0,0,0,0,0,1,876.8531368411391,A,5,A5,1.3745194646716274,1.0207845376825508,0.6835329366813021,3.2195964804815924,4.067681511655643
341,multi_A♯9_1342,0,0,1,14922.457046991865,0,0,1,14920.346934627058,A♯,9,A♯9,1.0546854984300844,0.1995560731756567,0.7236824133860299,4.193463320544561,4.552295107849698
342,multi_B3_1343,0,0,0,0,1,239.94709707415063,0,0,B,3,B3,2.040902360701799,1.7952722939660168,0.28768587574625415,3.2157308101314106,2.948094535200774
343,multi_G3_1344,0,0,0,0,0,0,1,198.10607439432033,G,3,G3,3.2957053563142034,3.627060105346208,0.5244577922535448,1.0736772004173412,2.0035573379222478
344,multi_F♯8_1345,1,5927.587753152371,0,0,1,5925.170295795512,1,5920.628992715683,F♯,8,F♯8,3.6356028227073507,0.5106944778658183,0.8242891669885892,2.4383678926508874,3.415334806775944
345,multi_B1_1346,0,0,0,0,1,69.85112909714354,0,0,B,1,B1,0.38934583494087793,3.757380225019503,0.2318283683229596,0.6470376690580543,2.6592420675174426
346,multi_A2_1347,0,0,1,110.41372050676085,1,101.91573469619499,1,107.70304478686602,A,2,A2,1.6286486462640921,2.5789417524418754,0.8914521379985899,2.27492715949733,2.170848904950477
347,multi_B4_1348,1,493.51163519185764,0,0,1,498.70076056596275,0,0,B,4,B4,1.1825099905156589,1.9311965459140257,0.561517939766236,2.5902951287426217,3.275980429455487
348,multi_A♯2_1349,1,123.52609036160804,1,116.31652699379849,1,113.85987702202979,0,0,A♯,2,A♯2,2.563343188016032,2.566103721302684,0.9980377675704962,0.7681131956820891,4.102439894999196
349,multi_F3_1350,0,0,0,0,1,171.78342681561386,1,173.4534079234665,F,3,F3,2.2009820186995634,0.28115843509702704,0.8401400471407259,3.2735762361349643,4.244283310068445
350,multi_C8_1351,0,0,0,0,0,0,1,4181.4054878373245,C,8,C8,3.034591553197121,4.166509788241347,0.7403903163948499,1.2535593823721924,1.5453392761893394
351,multi_G3_1352,0,0,1,189.74526638836016,1,192.48106414563895,1,204.74631493514687,G,3,G3,4.975965763295929,2.5528621388478085,0.9669267973680603,1.7489439689512358,0.22818766460079465
352,multi_D2_1353,1,66.35692655421275,0,0,1,68.62959110143402,1,80.53538815093853,D,2,D2,0.5691539932829526,1.6813991334552432,0.143005912558263,4.907488536779988,2.7345164913067355
353,multi_B8_1354,0,0,0,0,0,0,1,7902.935982540918,B,8,B8,4.441871045685018,1.3644106221057428,0.26364123816867036,1.3698812780169822,1.0053581910820246
354,multi_C♯6_1355,1,1112.1388966754023,1,1112.524768155249,0,0,1,1100.3156754032093,C♯,6,C♯6,2.6673421640783435,3.3992327114189678,0.08817921827381148,0.10170309869546419,3.8317220258072235
355,multi_A♯2_1356,0,0,1,122.09934060233093,1,122.5227972729502,1,117.49290134184854,A♯,2,A♯2,2.736290321394871,3.464891869574239,0.4805994906385981,2.7344660396801412,0.005535894236285976
356,multi_D4_1357,1,296.3536724863869,1,284.70980827910023,0,0,0,0,D,4,D4,3.4611645803936106,0.6707165247172203,0.6542001737596144,0.9817000466958364,2.0624443982416
357,multi_A1_1358,0,0,0,0,0,0,1,49.127729618321354,A,1,A1,2.8015977310621425,1.7499124613191486,0.07365865626832391,1.4091711370875692,1.1830321588930444
358,multi_D6_1359,0,0,0,0,0,0,1,1169.9682772938531,D,6,D6,3.0036955351983337,3.4874200542790796,0.778422328500554,1.9887989897343972,0.4959823626509585
359,multi_F4_1360,0,0,0,0,0,0,1,349.3935793948343,F,4,F4,1.9847425325095318,3.088398652138246,0.44623795227687324,3.679579093172242,1.2472797221799814
360,multi_F2_1361,0,0,1,82.11821888302175,0,0,0,0,F,2,F2,0.732637588970233,2.775218181457033,0.6608159321958583,1.9743387406558561,1.8972145478203606
361,multi_C♯2_1362,1,71.2858820489141,0,0,0,0,0,0,C♯,2,C♯2,2.1029192440550535,1.7736019789816684,0.7878309133248406,2.6616465365918525,3.461832240371427
362,multi_A♯4_1363,0,0,0,0,0,0,1,470.85813367931587,A♯,4,A♯4,3.3739969211799674,3.1738512879316354,0.698460098689903,2.798192201812961,0.6539595890754357
363,multi_G♯7_1364,1,3318.879402908988,1,3320.2479490481587,0,0,0,0,G♯,7,G♯7,3.297630243179554,2.9929493690696556,0.6156060545800166,3.35370166668977,0.35571872106102126
364,multi_F4_1365,1,345.0611620154391,1,351.449313950276,0,0,0,0,F,4,F4,3.43250228610052,2.248894638723088,0.9379310590630922,1.1478157650695968,3.1707873101067947
365,multi_B9_1366,0,0,0,0,1,15812.972092426964,0,0,B,9,B9,3.5817012474631498,1.2515126509587744,0.8352084464134409,1.9440625760739554,2.4039463421690854
366,multi_G♯9_1367,0,0,0,0,1,13290.699145432023,0,0,G♯,9,G♯9,0.5307676587208898,4.433376758889241,0.6897014276552338,2.1203920597712105,2.702584007367656
367,multi_C4_1368,0,0,1,267.05163599724654,0,0,0,0,C,4,C4,4.022653024228022,2.1393875821612713,0.19092220088926248,1.9477987744428253,1.8901606191678795
368,multi_D♯4_1369,1,311.82262423586195,1,307.04909704350337,1,306.2131503175614,0,0,D♯,4,D♯4,3.501364832811758,3.0046098270691766,0.387984938483142,1.0119061438392447,2.4821191962798212
369,multi_C8_1370,0,0,1,4188.222617971934,0,0,0,0,C,8,C8,3.3097132288816624,4.574017007063744,0.5199457934589294,0.5307193804299754,0.6259099016090364
370,multi_C♯2_1371,1,75.65001859840379,0,0,0,0,1,66.13715189521112,C♯,2,C♯2,0.853005304015253,2.4948365766136913,0.7425927766713772,0.9356131880021035,1.2569297129768975
371,multi_C♯2_1372,0,0,1,61.544178690843495,0,0,1,72.00214626987234,C♯,2,C♯2,1.5754612798132361,0.634655948348849,0.1425402231227575,3.1415493958072127,0.5206584700426059
372,multi_G♯3_1373,1,211.25100556343565,0,0,0,0,0,0,G♯,3,G♯3,1.781434559302183,0.49106240187490324,0.0054111788873937305,2.9612920684438477,1.8127976182664778
373,multi_D4_1374,0,0,1,289.6781438178183,0,0,0,0,D,4,D4,0.029811460924817346,1.3698018390383004,0.27483534719632974,4.447806488638572,1.9343301528185852
374,multi_C♯1_1375,0,0,0,0,1,28.511489289112156,0,0,C♯,1,C♯1,1.3681188099298573,1.5324769387483195,0.7631526402103406,3.586097325896425,3.5133069254253995
375,multi_G♯7_1376,1,3320.6158049843143,0,0,0,0,0,0,G♯,7,G♯7,3.9129479785933285,0.8905477534355887,0.22389375649142618,3.939883687090182,1.2566205808808997
376,multi_B2_1377,0,0,0,0,0,0,1,127.33508224732388,B,2,B2,2.9442949244236747,2.680635070777222,0.5276956378847485,3.6836786111587494,0.27691795158766686
377,multi_F9_1378,0,0,0,0,1,11167.406505204048,1,11169.016367969401,F,9,F9,4.292627503355237,1.7535431587694217,0.6545945071360859,0.8456385592165044,1.1106533340557834
378,multi_F♯6_1379,0,0,1,1472.060053949544,1,1476.7785717673446,0,0,F♯,6,F♯6,2.820006410022598,2.663719234302946,0.3850096052968647,3.198933454769332,1.3173409009051231
379,multi_D7_1380,1,2347.3980699047447,1,2357.8734083737368,0,0,1,2353.0176482106995,D,7,D7,0.7042323558247493,1.0395829051467282,0.33750482727272757,4.322845356100257,3.933339382928265
380,multi_D♯3_1381,1,159.44890726392538,0,0,0,0,0,0,D♯,3,D♯3,2.9836469773730276,1.9827008524983023,0.5162413844440384,2.3679229280413603,2.66572924208731
381,multi_C4_1382,0,0,1,258.15574958775096,1,269.3450288120747,1,264.90891242987334,C,4,C4,3.038344321371888,1.5009260819458683,0.5471240832894925,3.231495436980896,2.2292341597013476
382,multi_G♯2_1383,0,0,1,108.65540104776619,1,101.74156022699204,0,0,G♯,2,G♯2,2.6810766933820296,1.610778213737737,0.8065093779252166,3.376272616283117,2.3318724765971166
383,multi_D2_1384,0,0,0,0,1,70.78836027781193,1,69.85500435079989,D,2,D2,2.6188262783415266,2.301876669775699,0.6181485617349639,0.8599522608597937,2.158610282674714
384,multi_D♯8_1385,0,0,1,4973.527659031609,1,4984.705328516269,0,0,D♯,8,D♯8,1.5215063181441058,1.7518612461495926,0.4447150273648973,0.8167399186022783,0.7316797149968929
385,multi_D7_1386,1,2354.1269283046076,1,2348.332008805077,0,0,1,2346.2319061758235,D,7,D7,0.5643016244529014,2.3246015246331106,0.07704217315670925,4.202532592618748,0.8871457183151354
386,multi_G9_1387,0,0,1,12548.516973925141,1,12543.642548180045,1,12551.714121044193,G,9,G9,1.543994491005571,1.3680126840410995,0.13375552169877813,1.4794638404482958,0.7103417722473104
387,multi_A♯7_1388,0,0,0,0,1,3736.349774561659,1,3734.9207996183604,A♯,7,A♯7,1.6345434795743852,3.2978296512860767,0.3817155487521142,2.302059841572207,2.765567027567332
388,multi_G♯2_1389,1,95.38649849823224,0,0,0,0,0,0,G♯,2,G♯2,1.3300793783465175,2.740449656396899,0.415481564697308,4.664186118095438,1.2652848471611442
389,multi_G♯7_1390,0,0,1,3324.665375595703,1,3317.01393685189,1,3324.28211922082,G♯,7,G♯7,2.4313470132609947,0.22818224852789892,0.5940388782602407,1.3714349518658402,3.3183251723758556
390,multi_D1_1391,1,29.9730611333067,1,39.799273913242416,0,0,0,0,D,1,D1,2.9207252945106905,0.5990169864901401,0.5966938970275816,3.798735978915087,2.681521740084082
391,multi_F8_1392,0,0,0,0,0,0,1,5586.219518449518,F,8,F8,2.50485716568351,3.6964715749232773,0.9550547971182775,0.7439513060512605,3.054719953341952
392,multi_B5_1393,1,980.2543909527075,0,0,1,996.0546726258566,0,0,B,5,B5,3.0050371636417976,1.006425708378928,0.4739699596149094,0.8727299211970435,2.445158496400424
393,multi_E5_1394,1,661.2143425089004,0,0,0,0,0,0,E,5,E5,1.6457221094806345,2.9295334919837304,0.5416893640007989,1.609414156672159,3.8153302418634762
394,multi_G♯8_1395,0,0,0,0,0,0,1,6643.987756696163,G♯,8,G♯8,2.831101655272218,1.0609493807335064,0.31405211595390903,3.839296995273163,2.268651968721112
395,multi_C♯6_1396,0,0,1,1114.2221293666805,0,0,0,0,C♯,6,C♯6,1.1361853054687254,0.5740524106159434,0.4423003246753435,1.4903902817348165,1.9026175580206173
396,multi_F5_1397,0,0,1,698.9791264401721,0,0,1,701.5339922366281,F,5,F5,2.119576881109257,0.4287220078025683,0.7361693158239968,3.4646149709782605,3.6115626501904563
397,multi_D6_1398,1,1175.1678068495614,0,0,1,1177.1765397391332,1,1166.3682377231087,D,6,D6,1.0466436914258488,4.139297142942444,0.6724267477756242,3.527354971205922,1.286704194425788
398,multi_D7_1399,1,2350.4328155364906,1,2356.641308086522,0,0,0,0,D,7,D7,0.39946989675411604,3.1909620928054645,0.17760401540315895,3.620490957733813,1.6577276328303825
399,multi_C♯9_1400,0,0,0,0,1,8871.888238295696,1,8863.290039626581,C♯,9,C♯9,1.2941331507581788,3.2585690478485416,0.9431601701364023,0.055085936613678554,3.4526683631249107
400,multi_A♯8_1401,1,7466.121927979419,1,7450.592232379875,0,0,0,0,A♯,8,A♯8,3.3785468867679693,0.6253490658395513,0.9967426249182391,4.192628686627227,1.8034753607652525
401,multi_D2_1402,1,72.93017200223784,1,67.22173967219257,0,0,1,80.89220931913536,D,2,D2,3.2116085680476667,3.4281189127088347,0.40884895051013814,2.1974586291985774,1.1628138900449214
402,multi_C8_1403,0,0,1,4188.11684905368,0,0,0,0,C,8,C8,0.1114991179895436,1.2363081540785985,0.4060555601862368,0.6442867202191299,1.5427482765338945
403,multi_F♯8_1404,1,5927.162309117034,1,5925.038925646416,0,0,1,5913.382611780939,F♯,8,F♯8,4.134703751647806,0.4549221816890639,0.616609834687121,3.7126800707632195,1.6976939958999104
404,multi_G7_1405,0,0,1,3138.298004557946,1,3134.828336481028,1,3131.3327243616886,G,7,G7,3.1136280050113005,2.975551048428979,0.18407324271518666,2.2864868825197657,1.6243340640399544
405,multi_F2_1406,0,0,1,90.77136411683306,0,0,0,0,F,2,F2,2.6288620411197985,2.598667776462188,0.001039491017948757,2.3770088983394384,2.395461284078575
406,multi_B4_1407,0,0,1,498.94490591132154,1,486.6126756649255,0,0,B,4,B4,3.207568900378248,0.10674044893665025,0.22386246286186762,3.464436535918111,1.1517318626726758
407,multi_C♯8_1408,0,0,1,4439.411380792715,1,4441.424893745756,0,0,C♯,8,C♯8,0.3660374575322262,1.3907935022400932,0.32089556452094614,3.7139193215534205,4.529249718674261
408,multi_G3_1409,1,191.00803884374093,0,0,1,203.90456152915195,1,197.38717637384198,G,3,G3,1.314501706931382,1.6827801590151759,0.08249332886669836,3.7824419177412056,3.220276216312236
409,multi_F♯4_1410,1,366.9792336548031,0,0,1,368.99614656293545,1,375.48132558642806,F♯,4,F♯4,1.6403302749001725,2.46892638393373,0.8289315357747057,2.786755197485976,3.1039881436801213
410,multi_G♯4_1411,1,421.7785578304463,0,0,1,420.9757108032865,1,406.4864747579867,G♯,4,G♯4,2.3145594796970106,2.6948861977628114,0.5728516272953312,2.453655542792839,2.5368987797473395
411,multi_F♯7_1412,1,2962.855352112659,1,2958.9281338861674,1,2951.7000578867846,0,0,F♯,7,F♯7,2.2373834476608354,2.4298656350767587,0.3453736725336166,2.216276011543414,3.116474905718992
412,multi_G4_1413,1,390.4212068273598,0,0,0,0,0,0,G,4,G4,3.5828764124597963,1.7444068420398107,0.9793220097688613,0.32258641594135606,4.164245786330097
413,multi_F9_1414,0,0,0,0,1,11173.985587688765,0,0,F,9,F9,1.5887931869225298,0.018157401871723988,0.3649171710053821,2.764847745398023,3.7061496390330886
414,multi_A4_1415,1,446.6878760307239,1,434.6683787521141,0,0,1,439.6371661980458,A,4,A4,0.5310221452136726,2.2973785259686084,0.752304127601182,2.3071097419106694,1.0524629839341615
415,multi_A♯4_1416,1,464.6456797239476,1,469.5274855246174,0,0,1,473.51066776318726,A♯,4,A♯4,4.237624827842654,0.9077023423641254,0.2090440269430881,2.4141197677395136,2.4405530620537066
416,multi_D♯3_1417,0,0,0,0,0,0,1,149.2245690133399,D♯,3,D♯3,1.3102172841869162,4.796778521477226,0.8680458561786537,1.5727121624931206,2.3202920318427376
417,multi_E5_1418,0,0,0,0,1,666.6225254773036,1,664.2129520379759,E,5,E5,1.054842059534768,2.0236100519078963,0.40130410963954344,0.9550068499947045,4.997814461121225
418,multi_A1_1419,1,50.501581862086184,1,62.14529365404892,1,62.30701303224721,0,0,A,1,A1,0.22995761401944037,4.288499260899648,0.19281889324226065,0.6763090358389201,4.5084355963954685
419,multi_A♯4_1420,1,472.77048563270324,1,472.7405228342288,1,470.3864280753908,0,0,A♯,4,A♯4,1.1496220000728,2.5613572041961907,0.7649778542266656,4.326501933511333,1.9625188622196768
420,multi_G♯7_1421,0,0,0,0,0,0,1,3319.8090483241667,G♯,7,G♯7,3.275030178651581,2.3315715533626835,0.3755014727477123,2.534971202060565,0.3995696007981653
421,multi_A♯9_1422,1,14908.379413857692,0,0,1,14914.673128042987,0,0,A♯,9,A♯9,1.544406960148157,1.1502545959614996,0.01916017995526975,4.968547540412305,1.1547852208647162
422,multi_G♯7_1423,0,0,0,0,1,3324.514621521973,0,0,G♯,7,G♯7,0.4290420601391835,3.863323128383964,0.9687536901275045,1.994590676180924,3.713044135295928
423,multi_F♯1_1424,1,49.18107420999509,0,0,0,0,1,43.066150836614035,F♯,1,F♯1,3.1005573052843154,0.15596833847618286,0.5827374253973849,4.2086385767721435,0.5251217006399561
424,multi_D♯2_1425,1,77.59514608033075,0,0,1,70.1032677811278,1,74.61746253551841,D♯,2,D♯2,1.1324443176542427,4.423059054787788,0.26095595556539797,0.5022824162789595,3.9422142112790097
425,multi_C♯2_1426,0,0,0,0,0,0,1,70.86724986047523,C♯,2,C♯2,3.399220353034251,1.8726880905238414,0.6762203284099818,1.4561730865972653,3.271918469844641
426,multi_B7_1427,1,3956.5050339054196,1,3943.909214492803,1,3952.1786963141803,0,0,B,7,B7,0.4751187877218982,2.8235132900004745,0.18648498911126232,2.8231641874590885,2.146495671225399
427,multi_A♯7_1428,0,0,0,0,1,3735.076592847468,1,3733.198760070861,A♯,7,A♯7,2.244509695006216,2.992381751157883,0.8477538363155569,2.4424663222814575,2.320642231554443
428,multi_B2_1429,1,130.434369715816,1,117.59506954349035,1,119.14668688225062,0,0,B,2,B2,2.288621722852676,2.9610058293840487,0.735673825974175,0.21932238285649472,4.531050064906782
429,multi_G3_1430,0,0,1,204.56811487878085,1,203.62755730664162,0,0,G,3,G3,1.377362044145793,3.08874595696018,0.28280639118797146,4.389057473046619,0.1288343545204712
430,multi_A♯1_1431,1,50.35566560627424,0,0,0,0,0,0,A♯,1,A♯1,3.4363056614678973,0.6967458519931133,0.6152702781601501,1.9702591146088848,3.8966893719301052
431,multi_D♯7_1432,1,2489.128130943838,0,0,0,0,1,2483.0872628905427,D♯,7,D♯7,1.8084673508853555,1.7697408810664117,0.4146425992515155,0.04097540439714831,3.0382994700738113
432,multi_A2_1433,0,0,0,0,0,0,1,106.38110344941019,A,2,A2,2.5138796388349944,0.06182977867679684,0.7999196523328431,2.782481457612641,2.380630263325652
433,multi_A♯8_1434,1,7451.937556339911,0,0,0,0,1,7454.501955895184,A♯,8,A♯8,1.6053195411365961,1.0029076521041502,0.2772173335020175,1.7967748444518143,2.090200791004833
434,multi_A5_1435,0,0,0,0,0,0,1,875.7234349053688,A,5,A5,0.9210146462871199,0.5127204445399203,0.579867004479673,3.2587543947206896,3.890174316326564
435,multi_D♯3_1436,0,0,1,158.63140624639948,0,0,0,0,D♯,3,D♯3,0.6532920136481885,1.0778854587609614,0.8979019158894821,0.16982587794894366,0.35130357506217347
436,multi_G♯6_1437,1,1663.4146710627354,1,1662.3942175174814,0,0,1,1664.7417137068749,G♯,6,G♯6,3.1821838246722214,0.1300457535269206,0.7693731061435056,3.156724408411711,2.3030245775986353
437,multi_F♯1_1438,0,0,0,0,1,54.95669115683536,1,52.736799606323814,F♯,1,F♯1,0.5087350214846237,0.8353397693002163,0.6634949081501054,0.07275215761384402,1.3372474564841608
438,multi_G♯4_1439,1,417.2852367691871,1,411.3707662090469,1,421.2464381222061,0,0,G♯,4,G♯4,0.09459198664029932,2.942199448753474,0.9224844597492434,3.4686781130882216,3.4945304515180053
439,multi_D7_1440,1,2345.690109429111,0,0,0,0,0,0,D,7,D7,1.3525494789566905,0.9028454070924202,0.338938526890566,0.31034241077731506,4.962607576848605
440,multi_A4_1441,0,0,0,0,1,443.4404268645876,1,438.3308912893016,A,4,A4,0.37767814726687554,2.009976763001638,0.6392755248561666,3.0465876965289613,4.515274864647143
441,multi_B4_1442,0,0,0,0,1,491.7062778473394,1,502.17387572712454,B,4,B4,3.341102789579015,2.781839828152141,0.8458525336294821,0.8643810718149094,3.0126763104539345
442,multi_F3_1443,1,183.11663964812135,1,168.74935125379815,0,0,0,0,F,3,F3,2.943048955460709,2.159375087276001,0.5048469943653834,2.576893185005624,2.3206827722576673
443,multi_D1_1444,1,40.78220830280145,1,27.83978343697365,0,0,1,43.02773270382733,D,1,D1,2.7405694568503063,3.7131084536459964,0.02988166495683775,0.06731890055862833,1.9176527943737725
444,multi_B6_1445,1,1971.455221105015,0,0,0,0,1,1971.277869603964,B,6,B6,4.291414462342655,2.2146253752865115,0.20446302834542818,3.3994431106978342,0.09451705167299854
445,multi_C7_1446,1,2084.9196835294333,0,0,0,0,1,2091.337468888626,C,7,C7,2.9144267207820604,3.0060524410974234,0.8175574036114891,1.1358947641124801,2.9436260740080367
446,multi_E9_1447,1,10552.022337247628,1,10547.538297764424,1,10540.691745878168,0,0,E,9,E9,0.7559817645619022,3.448151060702956,0.8501456957505376,3.523566982925649,2.2723001918094936
447,multi_C7_1448,1,2087.3640456398366,1,2099.922410871837,1,2092.4672968771065,0,0,C,7,C7,3.3230463560634025,3.0712512683100295,0.7611308505397425,1.3968649633348558,0.45582913556973526
448,multi_F9_1449,0,0,0,0,1,11181.477808559823,0,0,F,9,F9,3.074542342283475,3.4562494662490546,0.9342650034650196,1.7867853723790694,1.6824228190884005
449,multi_A♯5_1450,0,0,1,938.9517587607128,1,932.0108711296353,1,930.9402806631853,A♯,5,A♯5,3.948074422560005,4.756749270522292,0.01501119414619867,0.17075679509779532,1.1244195118199085
450,multi_F♯1_1451,0,0,1,38.36254092369914,1,39.845455216108775,0,0,F♯,1,F♯1,2.3633539369035845,2.1495278595597322,0.16756623543504956,2.7486614530774527,2.7384567504592305
451,multi_D♯7_1452,0,0,0,0,1,2496.4119174134466,0,0,D♯,7,D♯7,1.5077837826382936,1.8331656847654059,0.40581457213576055,4.115492255658021,2.543558276938279
452,multi_D♯9_1453,0,0,1,9959.439246507553,0,0,1,9947.965720511447,D♯,9,D♯9,1.5209661571791955,3.0122521092094283,0.9099042070605221,1.6502395426220766,1.4397573725465036
453,multi_C♯4_1454,0,0,0,0,1,280.82065732278653,0,0,C♯,4,C♯4,2.0916411913672937,2.77398474060556,0.38633614110318304,2.4502619265170646,2.6841121415100826
454,multi_B7_1455,1,3943.7258041843916,1,3944.9565350400117,1,3946.9850000078673,0,0,B,7,B7,0.3206742066410889,4.816474111674861,0.8280902187044107,1.0878196432634935,0.5091370324845546
455,multi_C♯5_1456,0,0,0,0,1,556.5852859680454,0,0,C♯,5,C♯5,0.9582764511736697,0.08366080757217731,0.6723502982625182,4.5459176286586995,2.127382774227
456,multi_E5_1457,1,658.5626223670444,0,0,0,0,0,0,E,5,E5,2.39651866712956,3.2105184342297886,0.9499948490638156,1.7649122322749742,2.6280506663656773
457,multi_E5_1458,1,665.8092483960442,1,658.0397597040065,1,662.465029936712,0,0,E,5,E5,2.35793886061236,2.9891178145507658,0.6137894760451855,1.8878292885483283,2.765114036288547
458,multi_G4_1459,0,0,0,0,0,0,1,389.8371449433659,G,4,G4,0.7543609086420355,0.31157374733688126,0.18323720140157818,3.9980881198997476,3.0628946572328335
459,multi_B7_1460,0,0,1,3958.224485957886,0,0,0,0,B,7,B7,3.769558650354115,1.5141326783913773,0.05825720743394314,1.47986004167163,3.138979159814022
460,multi_B1_1461,1,68.62335711445628,0,0,0,0,0,0,B,1,B1,1.5692447031745964,3.794638459674087,0.12467519962688578,3.2771002947228958,1.3590165424284202
461,multi_E8_1462,1,5275.725429662313,0,0,1,5278.425927085018,0,0,E,8,E8,1.3973017006370583,3.1429977665822637,0.33585917139151455,2.6386018219957457,2.8210987107849332
462,multi_G6_1463,0,0,1,1575.8833136000687,1,1561.216218351142,0,0,G,6,G6,0.49558433461121837,3.2803430200211676,0.061711714932229045,3.2397843165229157,2.984288328844698
463,multi_F♯9_1464,1,11832.758987418814,0,0,1,11848.261418443155,1,11840.998789639214,F♯,9,F♯9,2.237548041362576,1.2461660170326936,0.4276340953014022,2.734273605645741,3.7820123359589903
464,multi_G6_1465,1,1575.8296385020144,1,1565.7147203447312,0,0,1,1574.2767368100754,G,6,G6,3.581709579278952,0.3799856430022247,0.952358086108041,3.7252419329345754,0.5699425538930503
465,multi_G6_1466,1,1560.5020761686933,0,0,1,1565.594492125578,1,1560.9570588301838,G,6,G6,3.1080712092053875,4.5205722525090595,0.3444104096286661,0.10168878895950861,1.5159138866797157
466,multi_C♯6_1467,1,1102.1693058821734,0,0,1,1117.1117452079613,1,1116.9628871571415,C♯,6,C♯6,2.6946493763341897,0.684472054278007,0.7300348864110118,3.472837555457435,0.44785096135583236
467,multi_F♯5_1468,0,0,0,0,1,742.2231169520937,0,0,F♯,5,F♯5,4.115452861157573,3.6773190690447786,0.7061784068026211,1.9638905032348297,0.21925218628801202
468,multi_A6_1469,1,1754.586021871389,0,0,0,0,0,0,A,6,A6,0.551555001097141,0.2520425070181276,0.4596234034651313,4.514428562108092,1.673715162091729
469,multi_E8_1470,1,5271.388670750452,1,5277.612330974843,1,5277.433646929347,0,0,E,8,E8,1.3117599741116759,2.4111367848822294,0.22982307240019295,1.042098735668876,2.5173321611184245
470,multi_D4_1471,0,0,1,295.39092682435006,0,0,1,295.3260666235199,D,4,D4,2.9864975773281834,1.8514225508406328,0.11601008390395995,2.4041175597517883,2.7579623120793957
471,multi_E6_1472,0,0,1,1322.674854658005,0,0,0,0,E,6,E6,2.1919425727025974,3.646263602449602,0.9925901521750062,3.6333323010920955,0.40371490846727864
472,multi_A♯4_1473,1,466.91839011958064,0,0,0,0,0,0,A♯,4,A♯4,0.030027946340265288,3.5812263752883773,0.3736222998835419,3.1081242031279013,3.165395140840273
473,multi_C3_1474,1,124.29837400930359,1,139.22661951212092,0,0,0,0,C,3,C3,3.457026731208394,0.9655092599364212,0.40262565968018216,0.1801911167225062,4.0674654288924215
474,multi_B9_1475,0,0,0,0,1,15811.610071922794,1,15795.379416813827,B,9,B9,2.1140854764019035,1.0671645192247552,0.15190248126578387,2.020761418709209,3.830206465761097
475,multi_F♯1_1476,0,0,0,0,1,39.10578670954778,0,0,F♯,1,F♯1,0.9944875155962069,1.3318371897043058,0.8345384049060115,1.952395379378704,3.946334526633186
476,multi_B7_1477,1,3944.104984388944,1,3950.022722555078,0,0,1,3956.4331727311383,B,7,B7,2.593425245468388,2.678852835317633,0.8737452162632945,2.5565681807688954,2.1711537384450836
477,multi_D6_1478,1,1175.5587716425093,0,0,1,1169.9364503538138,1,1173.4134856984442,D,6,D6,4.2861394762387555,0.9490390117466008,0.4747280593430512,2.2364598613158373,2.5283616506988076
478,multi_F8_1479,0,0,1,5588.753577367183,0,0,1,5586.808665034411,F,8,F8,2.8220199580346317,4.044365386114182,0.6210159588392208,0.516536309111767,1.5356923394073374
479,multi_G8_1480,1,6263.999509885431,0,0,0,0,0,0,G,8,G8,0.21656488306494248,4.748489153754,0.7436173236533443,0.5445884328243566,1.3177842740571326
480,multi_B3_1481,1,241.60750123814992,0,0,0,0,0,0,B,3,B3,0.12978279000546378,4.4637428407754935,0.29222179169362217,0.16399574577577847,0.21052133123904082
481,multi_A3_1482,1,222.3405885720853,0,0,1,225.67268480078084,1,224.14327797159223,A,3,A3,0.19925456615226933,4.52685640648146,0.6282260131115451,1.4143834531601303,1.354628649024121
482,multi_C3_1483,0,0,1,131.74279536970727,0,0,1,125.87089803444307,C,3,C3,1.5336012604629168,1.5676729626116064,0.07328052725300382,3.093009459975155,3.441662132751531
483,multi_D6_1484,0,0,1,1171.2549079420417,0,0,0,0,D,6,D6,1.5909426096117216,4.1714237627330935,0.4940821985974818,4.22888258362744,0.008751044027744619
484,multi_G4_1485,0,0,1,390.24207178829755,1,383.7782936242971,1,390.4847251093065,G,4,G4,1.3345902128224851,1.7344627964290864,0.6725862309458263,4.17505083684793,2.7558961539004994
485,multi_E8_1486,1,5278.44397308059,1,5274.583113288214,0,0,0,0,E,8,E8,2.5908922971357202,1.9653969910468305,0.08224397932238126,3.1229216369659096,2.3207890748515405
486,multi_C4_1487,0,0,1,261.0130736901392,0,0,0,0,C,4,C4,1.8906536282799846,0.44476959655365356,0.8325608077783027,2.6954648695605714,2.968994163052867
487,multi_G3_1488,1,200.81120158096337,1,188.5710260067308,0,0,1,198.3901580508164,G,3,G3,3.251978492330605,2.607031636017778,0.9420032078943745,1.7905404379550642,2.350449433696552
488,multi_B3_1489,1,248.84878222044517,0,0,1,255.44655654467113,1,244.4732076701476,B,3,B3,2.326252311508612,1.9506387280214206,0.8663883945213059,2.718528875134688,3.0045800853352795
489,multi_G4_1490,0,0,0,0,1,393.8967811564077,1,396.9292835899106,G,4,G4,1.6909091620472183,1.3938260761538006,0.7761427039079651,3.821845162490283,3.093419599308698
490,multi_A4_1491,1,440.9939343823199,0,0,1,445.8969431606268,0,0,A,4,A4,2.604004222112769,1.606445070174007,0.3713072138494182,3.162696389081069,2.4300910605048327
491,multi_A3_1492,0,0,1,211.93312151771585,1,216.68092257805296,1,227.38680529230052,A,3,A3,0.31979899667060846,3.8109783756294484,0.3801420325111474,2.6769010567634663,3.192321570936477
492,multi_E9_1493,1,10541.658002593496,0,0,1,10548.712662503754,0,0,E,9,E9,0.6962650779721241,3.740578917406558,0.02298253796723171,1.5581340513384072,4.0050219532829106
493,multi_F3_1494,1,171.73396364156204,1,168.7409290381186,0,0,0,0,F,3,F3,3.532589174954589,0.8133791416089652,0.2428596008528261,1.7103062817771726,3.9437254016592735
494,multi_B7_1495,0,0,1,3950.1648411806627,0,0,0,0,B,7,B7,2.558832116828342,4.107415809722642,0.8368230824174924,0.06616945424567199,3.267582619203343
495,multi_C2_1496,0,0,0,0,0,0,1,72.34414841998264,C,2,C2,1.6447729307943177,0.6272541157563594,0.2694848637034617,0.7975950379061209,3.3083032610366274
496,multi_D5_1497,0,0,1,593.9875344501742,0,0,0,0,D,5,D5,2.3117563555200675,0.5002666705999077,0.8253430995567284,2.743375660957034,4.444601312922991
497,multi_A♯5_1498,0,0,1,934.7866935884012,0,0,1,941.0264941425036,A♯,5,A♯5,2.685614447947823,0.619921846505875,0.64456708110519,1.8744115623079998,4.820052143238302
498,multi_B2_1499,0,0,1,129.0864173327214,1,124.64557299919454,0,0,B,2,B2,4.62608257763115,1.2965071313415333,0.1428100663536893,1.5341463723881188,1.111456857731169
499,multi_C2_1500,1,59.60542037989508,0,0,1,59.84260154994282,1,65.99653879090363,C,2,C2,1.4493971287790741,3.9275825949699352,0.9101685479855961,3.1851700712044004,1.4378502050465907
