,file_name,wave,note,octave,note_octave,freq,attack_duration,decay_duration,sustain_level,release_duration
0,sine/ads_F♯6_1.wav,sine/ads,F♯,6,F♯6,1479.9776908465376,0.12,15.0,0.391304347826087,2
1,sine/ads_G4_2.wav,sine/ads,G,4,G4,391.99543598174927,0.28,8.75,0.4782608695652174,2
2,sine/ads_C♯6_3.wav,sine/ads,C♯,6,C♯6,1108.7305239074883,0.04,1.25,0.21739130434782608,2
3,sine/ads_G2_4.wav,sine/ads,G,2,G2,97.99885899543733,1.4,1.75,0.8260869565217391,2
4,sine/ads_G♯6_5.wav,sine/ads,G♯,6,G♯6,1661.2187903197805,0.24,13.333333333333332,0.5217391304347826,2
5,sine/ads_C6_6.wav,sine/ads,C,6,C6,1046.5022612023945,0.0,0.0,0.34782608695652173,2
6,sine/ads_A♯3_7.wav,sine/ads,A♯,3,A♯3,233.08188075904496,0.8,6.25,0.8260869565217391,2
7,sine/ads_D♯3_8.wav,sine/ads,D♯,3,D♯3,155.56349186104046,0.24,1.875,0.5217391304347826,2
8,sine/ads_G♯6_9.wav,sine/ads,G♯,6,G♯6,1661.2187903197805,0.24,13.333333333333332,0.5217391304347826,2
9,sine/ads_F6_10.wav,sine/ads,F,6,F6,1396.9129257320155,0.7,1.7857142857142858,0.6086956521739131,2
10,sine/ads_C2_11.wav,sine/ads,C,2,C2,65.40639132514966,0.0,0.0,0.30434782608695654,2
11,sine/ads_B5_12.wav,sine/ads,B,5,B5,987.7666025122483,0.44,13.75,0.6521739130434783,2
12,sine/ads_G♯6_13.wav,sine/ads,G♯,6,G♯6,1661.2187903197805,1.12,2.8571428571428568,0.7391304347826086,2
13,sine/ads_D2_14.wav,sine/ads,D,2,D2,73.41619197935188,0.04,5.0,0.21739130434782608,2
14,sine/ads_D5_15.wav,sine/ads,D,5,D5,587.3295358348151,0.4,0.5,0.6086956521739131,2
15,sine/ads_G6_16.wav,sine/ads,G,6,G6,1567.981743926997,0.56,4.375,0.5652173913043478,2
16,sine/ads_A♯6_17.wav,sine/ads,A♯,6,A♯6,1864.6550460723597,0.9,5.555555555555555,0.8695652173913043,2
17,sine/ads_F♯5_18.wav,sine/ads,F♯,5,F♯5,739.9888454232688,0.48,3.75,0.5217391304347826,2
18,sine/ads_E2_19.wav,sine/ads,E,2,E2,82.4068892282175,0.36,2.2222222222222223,0.6086956521739131,2
19,sine/ads_G4_20.wav,sine/ads,G,4,G4,391.99543598174927,0.42,5.833333333333334,0.5217391304347826,2
20,sine/ads_E4_21.wav,sine/ads,E,4,E4,329.6275569128699,0.4,2.0,0.4782608695652174,2
21,sine/ads_D6_22.wav,sine/ads,D,6,D6,1174.6590716696303,0.12,1.6666666666666665,0.391304347826087,2
22,sine/ads_D♯2_23.wav,sine/ads,D♯,2,D♯2,77.78174593052023,0.24,1.875,0.5217391304347826,2
23,sine/ads_B2_24.wav,sine/ads,B,2,B2,123.47082531403103,0.77,7.857142857142857,0.8260869565217391,2
24,sine/ads_D3_25.wav,sine/ads,D,3,D3,146.8323839587038,0.04,5.0,0.21739130434782608,2
25,sine/ads_C♯6_26.wav,sine/ads,C♯,6,C♯6,1108.7305239074883,0.2,0.25,0.5652173913043478,2
26,sine/ads_D2_27.wav,sine/ads,D,2,D2,73.41619197935188,0.12,1.6666666666666665,0.30434782608695654,2
27,sine/ads_G2_28.wav,sine/ads,G,2,G2,97.99885899543733,1.26,1.9444444444444444,0.782608695652174,2
28,sine/ads_D4_29.wav,sine/ads,D,4,D4,293.6647679174076,0.4,0.5,0.6086956521739131,2
29,sine/ads_B4_30.wav,sine/ads,B,4,B4,493.8833012561241,0.44,13.75,0.6521739130434783,2
30,sine/ads_C♯4_31.wav,sine/ads,C♯,4,C♯4,277.1826309768721,0.06,0.8333333333333333,0.34782608695652173,2
31,sine/ads_C2_32.wav,sine/ads,C,2,C2,65.40639132514966,0.0,0.0,0.43478260869565216,2
32,sine/ads_G♯5_33.wav,sine/ads,G♯,5,G♯5,830.6093951598903,0.32,10.0,0.5652173913043478,2
33,sine/ads_C♯6_34.wav,sine/ads,C♯,6,C♯6,1108.7305239074883,0.1,0.5,0.34782608695652173,2
34,sine/ads_A♯4_35.wav,sine/ads,A♯,4,A♯4,466.1637615180899,0.8,6.25,0.8260869565217391,2
35,sine/ads_B6_36.wav,sine/ads,B,6,B6,1975.533205024496,0.22,27.5,0.6086956521739131,2
36,sine/ads_A♯3_37.wav,sine/ads,A♯,3,A♯3,233.08188075904496,0.7,7.142857142857143,0.782608695652174,2
37,sine/ads_B2_38.wav,sine/ads,B,2,B2,123.47082531403103,0.77,7.857142857142857,0.8260869565217391,2
38,sine/ads_D♯6_39.wav,sine/ads,D♯,6,D♯6,1244.5079348883237,0.24,1.875,0.5217391304347826,2
39,sine/ads_C♯5_40.wav,sine/ads,C♯,5,C♯5,554.3652619537442,0.1,0.5,0.34782608695652173,2
40,sine/ads_B5_41.wav,sine/ads,B,5,B5,987.7666025122483,1.98,3.055555555555556,0.9565217391304348,2
41,sine/ads_A♯6_42.wav,sine/ads,A♯,6,A♯6,1864.6550460723597,0.2,25.0,0.5652173913043478,2
42,sine/ads_B2_43.wav,sine/ads,B,2,B2,123.47082531403103,0.22,27.5,0.6086956521739131,2
43,sine/ads_C♯5_44.wav,sine/ads,C♯,5,C♯5,554.3652619537442,0.14,0.3571428571428571,0.43478260869565216,2
44,sine/ads_G♯5_45.wav,sine/ads,G♯,5,G♯5,830.6093951598903,0.16,20.0,0.4782608695652174,2
45,sine/ads_G♯2_46.wav,sine/ads,G♯,2,G♯2,103.82617439498628,0.16,20.0,0.4782608695652174,2
46,sine/ads_G5_47.wav,sine/ads,G,5,G5,783.9908719634985,0.28,8.75,0.5217391304347826,2
47,sine/ads_C3_48.wav,sine/ads,C,3,C3,130.8127826502993,0.0,0.0,0.4782608695652174,2
48,sine/ads_C♯4_49.wav,sine/ads,C♯,4,C♯4,277.1826309768721,0.1,0.5,0.34782608695652173,2
49,sine/ads_G♯2_50.wav,sine/ads,G♯,2,G♯2,103.82617439498628,1.28,2.5,0.782608695652174,2
50,sine/ads_E6_51.wav,sine/ads,E,6,E6,1318.5102276514797,0.08,10.0,0.30434782608695654,2
51,sine/ads_D♯4_52.wav,sine/ads,D♯,4,D♯4,311.1269837220809,0.21,2.142857142857143,0.4782608695652174,2
52,sine/ads_C2_53.wav,sine/ads,C,2,C2,65.40639132514966,0.0,0.0,0.5217391304347826,2
53,sine/ads_A♯3_54.wav,sine/ads,A♯,3,A♯3,233.08188075904496,0.6,8.333333333333334,0.7391304347826086,2
54,sine/ads_E4_55.wav,sine/ads,E,4,E4,329.6275569128699,0.04,20.0,0.2608695652173913,2
55,sine/ads_D4_56.wav,sine/ads,D,4,D4,293.6647679174076,0.24,0.8333333333333333,0.43478260869565216,2
56,sine/ads_B2_57.wav,sine/ads,B,2,B2,123.47082531403103,0.66,9.166666666666666,0.6956521739130435,2
57,sine/ads_B4_58.wav,sine/ads,B,4,B4,493.8833012561241,1.1,5.5,0.9565217391304348,2
58,sine/ads_E6_59.wav,sine/ads,E,6,E6,1318.5102276514797,0.4,2.0,0.6521739130434783,2
59,sine/ads_E2_60.wav,sine/ads,E,2,E2,82.4068892282175,0.4,2.0,0.4782608695652174,2
60,sine/ads_C2_61.wav,sine/ads,C,2,C2,65.40639132514966,0.0,0.0,0.43478260869565216,2
61,sine/ads_B4_62.wav,sine/ads,B,4,B4,493.8833012561241,1.98,3.055555555555556,0.9565217391304348,2
62,sine/ads_G5_63.wav,sine/ads,G,5,G5,783.9908719634985,0.28,8.75,0.5217391304347826,2
63,sine/ads_A♯5_64.wav,sine/ads,A♯,5,A♯5,932.3275230361799,0.3,16.666666666666668,0.6086956521739131,2
64,sine/ads_D5_65.wav,sine/ads,D,5,D5,587.3295358348151,0.02,10.0,0.17391304347826086,2
65,sine/ads_C♯6_66.wav,sine/ads,C♯,6,C♯6,1108.7305239074883,0.06,0.8333333333333333,0.34782608695652173,2
66,sine/ads_F♯5_67.wav,sine/ads,F♯,5,F♯5,739.9888454232688,0.42,4.285714285714286,0.6086956521739131,2
67,sine/ads_C♯3_68.wav,sine/ads,C♯,3,C♯3,138.59131548843604,0.04,1.25,0.2608695652173913,2
68,sine/ads_G♯4_69.wav,sine/ads,G♯,4,G♯4,415.3046975799451,0.64,5.0,0.7391304347826086,2
69,sine/ads_A♯3_70.wav,sine/ads,A♯,3,A♯3,233.08188075904496,1.0,5.0,0.7391304347826086,2
70,sine/ads_A♯2_71.wav,sine/ads,A♯,2,A♯2,116.54094037952248,0.8,6.25,0.8260869565217391,2
71,sine/ads_F♯6_72.wav,sine/ads,F♯,6,F♯6,1479.9776908465376,0.42,4.285714285714286,0.6086956521739131,2
72,sine/ads_A♯6_73.wav,sine/ads,A♯,6,A♯6,1864.6550460723597,1.0,5.0,0.7391304347826086,2
73,sine/ads_C♯3_74.wav,sine/ads,C♯,3,C♯3,138.59131548843604,0.2,0.25,0.5652173913043478,2
74,sine/ads_C♯4_75.wav,sine/ads,C♯,4,C♯4,277.1826309768721,0.14,0.3571428571428571,0.43478260869565216,2
75,sine/ads_B5_76.wav,sine/ads,B,5,B5,987.7666025122483,1.1,5.5,0.782608695652174,2
76,sine/ads_E6_77.wav,sine/ads,E,6,E6,1318.5102276514797,0.64,1.25,0.6086956521739131,2
77,sine/ads_C6_78.wav,sine/ads,C,6,C6,1046.5022612023945,0.0,0.0,0.17391304347826086,2
78,sine/ads_E4_79.wav,sine/ads,E,4,E4,329.6275569128699,0.48,1.6666666666666665,0.5217391304347826,2
79,sine/ads_E2_80.wav,sine/ads,E,2,E2,82.4068892282175,0.2,4.0,0.43478260869565216,2
80,sine/ads_A♯4_81.wav,sine/ads,A♯,4,A♯4,466.1637615180899,0.1,50.0,0.5217391304347826,2
81,sine/ads_A3_82.wav,sine/ads,A,3,A3,220.0,0.9,4.5,0.8695652173913043,2
82,sine/ads_F♯3_83.wav,sine/ads,F♯,3,F♯3,184.9972113558172,0.42,4.285714285714286,0.6086956521739131,2
83,sine/ads_D♯2_84.wav,sine/ads,D♯,2,D♯2,77.78174593052023,0.24,1.875,0.391304347826087,2
84,sine/ads_F3_85.wav,sine/ads,F,3,F3,174.61411571650194,0.6,2.0833333333333335,0.5652173913043478,2
85,sine/ads_A6_86.wav,sine/ads,A,6,A6,1760.0,0.9,4.5,0.6956521739130435,2
86,sine/ads_A♯5_87.wav,sine/ads,A♯,5,A♯5,932.3275230361799,0.7,7.142857142857143,0.782608695652174,2
87,sine/ads_D3_88.wav,sine/ads,D,3,D3,146.8323839587038,0.4,0.5,0.6086956521739131,2
88,sine/ads_G2_89.wav,sine/ads,G,2,G2,97.99885899543733,1.12,2.1875,0.7391304347826086,2
89,sine/ads_B2_90.wav,sine/ads,B,2,B2,123.47082531403103,1.54,3.9285714285714284,0.8695652173913043,2
90,sine/ads_C3_91.wav,sine/ads,C,3,C3,130.8127826502993,0.0,0.0,0.2608695652173913,2
91,sine/ads_G4_92.wav,sine/ads,G,4,G4,391.99543598174927,0.42,5.833333333333334,0.6086956521739131,2
92,sine/ads_G5_93.wav,sine/ads,G,5,G5,783.9908719634985,0.56,4.375,0.5652173913043478,2
93,sine/ads_C2_94.wav,sine/ads,C,2,C2,65.40639132514966,0.0,0.0,0.13043478260869565,2
94,sine/ads_A5_95.wav,sine/ads,A,5,A5,880.0,0.63,6.428571428571429,0.7391304347826086,2
95,sine/ads_C4_96.wav,sine/ads,C,4,C4,261.6255653005986,0.0,0.0,0.30434782608695654,2
96,sine/ads_B3_97.wav,sine/ads,B,3,B3,246.94165062806206,1.54,3.9285714285714284,0.8695652173913043,2
97,sine/ads_F♯6_98.wav,sine/ads,F♯,6,F♯6,1479.9776908465376,0.84,2.142857142857143,0.6521739130434783,2
98,sine/ads_C♯5_99.wav,sine/ads,C♯,5,C♯5,554.3652619537442,0.04,1.25,0.21739130434782608,2
99,sine/ads_F♯3_100.wav,sine/ads,F♯,3,F♯3,184.9972113558172,0.6,3.0,0.7391304347826086,2
100,sine/ads_D♯3_101.wav,sine/ads,D♯,3,D♯3,155.56349186104046,0.3,1.5,0.6086956521739131,2
101,sine/ads_B5_102.wav,sine/ads,B,5,B5,987.7666025122483,0.88,6.875,0.8695652173913043,2
102,sine/ads_F5_103.wav,sine/ads,F,5,F5,698.4564628660078,0.7,1.7857142857142858,0.6086956521739131,2
103,sine/ads_A3_104.wav,sine/ads,A,3,A3,220.0,0.45,9.0,0.6521739130434783,2
104,sine/ads_A5_105.wav,sine/ads,A,5,A5,880.0,0.36,11.25,0.5652173913043478,2
105,sine/ads_D2_106.wav,sine/ads,D,2,D2,73.41619197935188,0.14,1.4285714285714284,0.43478260869565216,2
106,sine/ads_A♯3_107.wav,sine/ads,A♯,3,A♯3,233.08188075904496,0.2,25.0,0.5652173913043478,2
107,sine/ads_B3_108.wav,sine/ads,B,3,B3,246.94165062806206,0.99,6.111111111111112,0.9130434782608695,2
108,sine/ads_F♯4_109.wav,sine/ads,F♯,4,F♯4,369.9944227116344,0.12,15.0,0.391304347826087,2
109,sine/ads_G4_110.wav,sine/ads,G,4,G4,391.99543598174927,0.7,3.5,0.782608695652174,2
110,sine/ads_A♯6_111.wav,sine/ads,A♯,6,A♯6,1864.6550460723597,0.2,25.0,0.5652173913043478,2
111,sine/ads_G♯2_112.wav,sine/ads,G♯,2,G♯2,103.82617439498628,0.32,10.0,0.5217391304347826,2
112,sine/ads_F2_113.wav,sine/ads,F,2,F2,87.30705785825097,0.8,1.5625,0.6521739130434783,2
113,sine/ads_A5_114.wav,sine/ads,A,5,A5,880.0,0.09,45.0,0.4782608695652174,2
114,sine/ads_A5_115.wav,sine/ads,A,5,A5,880.0,0.72,5.625,0.6521739130434783,2
115,sine/ads_A♯3_116.wav,sine/ads,A♯,3,A♯3,233.08188075904496,1.2,4.166666666666667,0.782608695652174,2
116,sine/ads_A3_117.wav,sine/ads,A,3,A3,220.0,0.27,15.0,0.5652173913043478,2
117,sine/ads_F♯4_118.wav,sine/ads,F♯,4,F♯4,369.9944227116344,0.96,1.875,0.6956521739130435,2
118,sine/ads_F♯4_119.wav,sine/ads,F♯,4,F♯4,369.9944227116344,0.72,2.5,0.6086956521739131,2
119,sine/ads_E5_120.wav,sine/ads,E,5,E5,659.2551138257398,0.04,20.0,0.2608695652173913,2
120,sine/ads_B3_121.wav,sine/ads,B,3,B3,246.94165062806206,1.32,4.583333333333333,0.8260869565217391,2
121,sine/ads_A5_122.wav,sine/ads,A,5,A5,880.0,0.45,9.0,0.6521739130434783,2
122,sine/ads_C♯3_123.wav,sine/ads,C♯,3,C♯3,138.59131548843604,0.07,0.7142857142857142,0.391304347826087,2
123,sine/ads_A2_124.wav,sine/ads,A,2,A2,110.0,0.36,11.25,0.6086956521739131,2
124,sine/ads_B6_125.wav,sine/ads,B,6,B6,1975.533205024496,1.1,5.5,0.782608695652174,2
125,sq/ads_F♯5_1.wav,sq/ads,F♯,5,F♯5,739.9888454232688,0.42,4.285714285714286,0.6086956521739131,2
126,sq/ads_G♯3_2.wav,sq/ads,G♯,3,G♯3,207.65234878997256,0.16,20.0,0.4782608695652174,2
127,sq/ads_D6_3.wav,sq/ads,D,6,D6,1174.6590716696303,0.04,5.0,0.21739130434782608,2
128,sq/ads_A♯3_4.wav,sq/ads,A♯,3,A♯3,233.08188075904496,0.4,12.5,0.6086956521739131,2
129,sq/ads_A♯6_5.wav,sq/ads,A♯,6,A♯6,1864.6550460723597,1.4,3.5714285714285716,0.8260869565217391,2
130,sq/ads_C♯3_6.wav,sq/ads,C♯,3,C♯3,138.59131548843604,0.05,1.0,0.30434782608695654,2
131,sq/ads_D♯4_7.wav,sq/ads,D♯,4,D♯4,311.1269837220809,0.24,1.875,0.391304347826087,2
132,sq/ads_F2_8.wav,sq/ads,F,2,F2,87.30705785825097,0.1,12.5,0.34782608695652173,2
133,sq/ads_F4_9.wav,sq/ads,F,4,F4,349.2282314330039,0.8,1.5625,0.6521739130434783,2
134,sq/ads_G♯3_10.wav,sq/ads,G♯,3,G♯3,207.65234878997256,1.44,2.2222222222222223,0.8260869565217391,2
135,sq/ads_D♯5_11.wav,sq/ads,D♯,5,D♯5,622.2539674441618,0.18,2.5,0.43478260869565216,2
136,sq/ads_G♯6_12.wav,sq/ads,G♯,6,G♯6,1661.2187903197805,0.16,20.0,0.4782608695652174,2
137,sq/ads_D♯3_13.wav,sq/ads,D♯,3,D♯3,155.56349186104046,0.3,1.5,0.43478260869565216,2
138,sq/ads_E2_14.wav,sq/ads,E,2,E2,82.4068892282175,0.64,1.25,0.6086956521739131,2
139,sq/ads_G3_15.wav,sq/ads,G,3,G3,195.99771799087463,0.07,35.0,0.391304347826087,2
140,sq/ads_G3_16.wav,sq/ads,G,3,G3,195.99771799087463,0.7,3.5,0.6086956521739131,2
141,sq/ads_C6_17.wav,sq/ads,C,6,C6,1046.5022612023945,0.0,0.0,0.391304347826087,2
142,sq/ads_E2_18.wav,sq/ads,E,2,E2,82.4068892282175,0.4,2.0,0.4782608695652174,2
143,sq/ads_D♯3_19.wav,sq/ads,D♯,3,D♯3,155.56349186104046,0.18,2.5,0.43478260869565216,2
144,sq/ads_A6_20.wav,sq/ads,A,6,A6,1760.0,0.81,5.0,0.8260869565217391,2
145,sq/ads_C♯2_21.wav,sq/ads,C♯,2,C♯2,69.29565774421802,0.14,0.3571428571428571,0.43478260869565216,2
146,sq/ads_F♯2_22.wav,sq/ads,F♯,2,F♯2,92.4986056779086,0.18,10.0,0.43478260869565216,2
147,sq/ads_C♯4_23.wav,sq/ads,C♯,4,C♯4,277.1826309768721,0.02,2.5,0.17391304347826086,2
148,sq/ads_G3_24.wav,sq/ads,G,3,G3,195.99771799087463,1.12,2.1875,0.7391304347826086,2
149,sq/ads_F♯2_25.wav,sq/ads,F♯,2,F♯2,92.4986056779086,1.08,1.6666666666666665,0.7391304347826086,2
150,sq/ads_E5_26.wav,sq/ads,E,5,E5,659.2551138257398,0.4,2.0,0.6521739130434783,2
151,sq/ads_A4_27.wav,sq/ads,A,4,A4,440.0,0.9,4.5,0.8695652173913043,2
152,sq/ads_G♯4_28.wav,sq/ads,G♯,4,G♯4,415.3046975799451,0.16,20.0,0.4782608695652174,2
153,sq/ads_A♯2_29.wav,sq/ads,A♯,2,A♯2,116.54094037952248,0.2,25.0,0.5652173913043478,2
154,sq/ads_B6_30.wav,sq/ads,B,6,B6,1975.533205024496,0.88,6.875,0.7391304347826086,2
155,sq/ads_B4_31.wav,sq/ads,B,4,B4,493.8833012561241,1.98,3.055555555555556,0.9565217391304348,2
156,sq/ads_A5_32.wav,sq/ads,A,5,A5,880.0,1.44,2.8125,0.8260869565217391,2
157,sq/ads_C♯6_33.wav,sq/ads,C♯,6,C♯6,1108.7305239074883,0.2,0.25,0.5652173913043478,2
158,sq/ads_A3_34.wav,sq/ads,A,3,A3,220.0,0.63,6.428571428571429,0.7391304347826086,2
159,sq/ads_F6_35.wav,sq/ads,F,6,F6,1396.9129257320155,0.9,1.3888888888888888,0.6956521739130435,2
160,sq/ads_G5_36.wav,sq/ads,G,5,G5,783.9908719634985,0.56,4.375,0.5652173913043478,2
161,sq/ads_A3_37.wav,sq/ads,A,3,A3,220.0,0.54,7.5,0.6956521739130435,2
162,sq/ads_G♯4_38.wav,sq/ads,G♯,4,G♯4,415.3046975799451,0.8,4.0,0.8260869565217391,2
163,sq/ads_F♯3_39.wav,sq/ads,F♯,3,F♯3,184.9972113558172,0.48,3.75,0.6521739130434783,2
164,sq/ads_E3_40.wav,sq/ads,E,3,E3,164.81377845643496,0.56,1.4285714285714284,0.5652173913043478,2
165,sq/ads_C♯3_41.wav,sq/ads,C♯,3,C♯3,138.59131548843604,0.02,2.5,0.17391304347826086,2
166,sq/ads_A5_42.wav,sq/ads,A,5,A5,880.0,0.18,22.5,0.5217391304347826,2
167,sq/ads_G2_43.wav,sq/ads,G,2,G2,97.99885899543733,0.07,35.0,0.391304347826087,2
168,sq/ads_F♯4_44.wav,sq/ads,F♯,4,F♯4,369.9944227116344,0.72,2.5,0.6086956521739131,2
169,sq/ads_F3_45.wav,sq/ads,F,3,F3,174.61411571650194,0.2,6.25,0.391304347826087,2
170,sq/ads_C5_46.wav,sq/ads,C,5,C5,523.2511306011972,0.0,0.0,0.17391304347826086,2
171,sq/ads_G♯2_47.wav,sq/ads,G♯,2,G♯2,103.82617439498628,0.8,4.0,0.6521739130434783,2
172,sq/ads_F5_48.wav,sq/ads,F,5,F5,698.4564628660078,0.15,8.333333333333334,0.391304347826087,2
173,sq/ads_G2_49.wav,sq/ads,G,2,G2,97.99885899543733,0.42,5.833333333333334,0.6086956521739131,2
174,sq/ads_F2_50.wav,sq/ads,F,2,F2,87.30705785825097,0.35,3.5714285714285716,0.5652173913043478,2
175,sq/ads_G♯6_51.wav,sq/ads,G♯,6,G♯6,1661.2187903197805,0.56,5.7142857142857135,0.6956521739130435,2
176,sq/ads_F3_52.wav,sq/ads,F,3,F3,174.61411571650194,0.3,4.166666666666667,0.43478260869565216,2
177,sq/ads_F6_53.wav,sq/ads,F,6,F6,1396.9129257320155,0.6,2.0833333333333335,0.5652173913043478,2
178,sq/ads_C♯5_54.wav,sq/ads,C♯,5,C♯5,554.3652619537442,0.04,1.25,0.21739130434782608,2
179,sq/ads_B5_55.wav,sq/ads,B,5,B5,987.7666025122483,0.22,27.5,0.6086956521739131,2
180,sq/ads_D♯2_56.wav,sq/ads,D♯,2,D♯2,77.78174593052023,0.3,1.5,0.43478260869565216,2
181,sq/ads_B6_57.wav,sq/ads,B,6,B6,1975.533205024496,0.66,9.166666666666666,0.782608695652174,2
182,sq/ads_D3_58.wav,sq/ads,D,3,D3,146.8323839587038,0.36,0.5555555555555556,0.5652173913043478,2
183,sq/ads_A2_59.wav,sq/ads,A,2,A2,110.0,0.18,22.5,0.5217391304347826,2
184,sq/ads_F♯6_60.wav,sq/ads,F♯,6,F♯6,1479.9776908465376,0.6,3.0,0.7391304347826086,2
185,sq/ads_C♯5_61.wav,sq/ads,C♯,5,C♯5,554.3652619537442,0.09,0.5555555555555556,0.4782608695652174,2
186,sq/ads_C♯4_62.wav,sq/ads,C♯,4,C♯4,277.1826309768721,0.03,1.6666666666666665,0.21739130434782608,2
187,sq/ads_A4_63.wav,sq/ads,A,4,A4,440.0,0.9,4.5,0.6956521739130435,2
188,sq/ads_G♯4_64.wav,sq/ads,G♯,4,G♯4,415.3046975799451,0.16,20.0,0.4782608695652174,2
189,sq/ads_B5_65.wav,sq/ads,B,5,B5,987.7666025122483,1.98,3.055555555555556,0.9565217391304348,2
190,sq/ads_E3_66.wav,sq/ads,E,3,E3,164.81377845643496,0.2,4.0,0.43478260869565216,2
191,sq/ads_B3_67.wav,sq/ads,B,3,B3,246.94165062806206,0.88,6.875,0.8695652173913043,2
192,sq/ads_B4_68.wav,sq/ads,B,4,B4,493.8833012561241,0.44,13.75,0.6956521739130435,2
193,sq/ads_F♯2_69.wav,sq/ads,F♯,2,F♯2,92.4986056779086,0.3,6.0,0.5217391304347826,2
194,sq/ads_C♯5_70.wav,sq/ads,C♯,5,C♯5,554.3652619537442,0.08,0.625,0.30434782608695654,2
195,sq/ads_F♯4_71.wav,sq/ads,F♯,4,F♯4,369.9944227116344,0.6,3.0,0.7391304347826086,2
196,sq/ads_F3_72.wav,sq/ads,F,3,F3,174.61411571650194,0.1,12.5,0.34782608695652173,2
197,sq/ads_D♯5_73.wav,sq/ads,D♯,5,D♯5,622.2539674441618,0.09,5.0,0.30434782608695654,2
198,sq/ads_D♯3_74.wav,sq/ads,D♯,3,D♯3,155.56349186104046,0.18,2.5,0.34782608695652173,2
199,sq/ads_G2_75.wav,sq/ads,G,2,G2,97.99885899543733,0.7,3.5,0.782608695652174,2
200,sq/ads_D3_76.wav,sq/ads,D,3,D3,146.8323839587038,0.2,1.0,0.5652173913043478,2
201,sq/ads_F6_77.wav,sq/ads,F,6,F6,1396.9129257320155,0.35,3.5714285714285716,0.5652173913043478,2
202,sq/ads_G3_78.wav,sq/ads,G,3,G3,195.99771799087463,0.07,35.0,0.391304347826087,2
203,sq/ads_G♯6_79.wav,sq/ads,G♯,6,G♯6,1661.2187903197805,1.12,2.8571428571428568,0.7391304347826086,2
204,sq/ads_A4_80.wav,sq/ads,A,4,A4,440.0,1.26,3.2142857142857144,0.782608695652174,2
205,sq/ads_D♯3_81.wav,sq/ads,D♯,3,D♯3,155.56349186104046,0.15,3.0,0.391304347826087,2
206,sq/ads_F5_82.wav,sq/ads,F,5,F5,698.4564628660078,0.8,1.5625,0.6521739130434783,2
207,sq/ads_F♯4_83.wav,sq/ads,F♯,4,F♯4,369.9944227116344,1.2,1.5,0.782608695652174,2
208,sq/ads_B6_84.wav,sq/ads,B,6,B6,1975.533205024496,0.77,7.857142857142857,0.8260869565217391,2
209,sq/ads_B4_85.wav,sq/ads,B,4,B4,493.8833012561241,1.1,5.5,0.9565217391304348,2
210,sq/ads_F♯5_86.wav,sq/ads,F♯,5,F♯5,739.9888454232688,0.36,5.0,0.4782608695652174,2
211,sq/ads_F4_87.wav,sq/ads,F,4,F4,349.2282314330039,0.2,6.25,0.391304347826087,2
212,sq/ads_A♯3_88.wav,sq/ads,A♯,3,A♯3,233.08188075904496,1.0,5.0,0.9130434782608695,2
213,sq/ads_F♯5_89.wav,sq/ads,F♯,5,F♯5,739.9888454232688,0.54,3.333333333333333,0.6956521739130435,2
214,sq/ads_D3_90.wav,sq/ads,D,3,D3,146.8323839587038,0.14,1.4285714285714284,0.43478260869565216,2
215,sq/ads_G♯6_91.wav,sq/ads,G♯,6,G♯6,1661.2187903197805,0.24,13.333333333333332,0.5217391304347826,2
216,sq/ads_F♯2_92.wav,sq/ads,F♯,2,F♯2,92.4986056779086,0.72,2.5,0.6086956521739131,2
217,sq/ads_D3_93.wav,sq/ads,D,3,D3,146.8323839587038,0.1,2.0,0.34782608695652173,2
218,sq/ads_C6_94.wav,sq/ads,C,6,C6,1046.5022612023945,0.0,0.0,0.4782608695652174,2
219,sq/ads_G♯4_95.wav,sq/ads,G♯,4,G♯4,415.3046975799451,0.48,6.666666666666666,0.6521739130434783,2
220,sq/ads_E6_96.wav,sq/ads,E,6,E6,1318.5102276514797,0.32,2.5,0.43478260869565216,2
221,sq/ads_A♯6_97.wav,sq/ads,A♯,6,A♯6,1864.6550460723597,0.7,7.142857142857143,0.782608695652174,2
222,sq/ads_B2_98.wav,sq/ads,B,2,B2,123.47082531403103,0.99,6.111111111111112,0.9130434782608695,2
223,sq/ads_D6_99.wav,sq/ads,D,6,D6,1174.6590716696303,0.12,1.6666666666666665,0.391304347826087,2
224,sq/ads_C3_100.wav,sq/ads,C,3,C3,130.8127826502993,0.0,0.0,0.5217391304347826,2
225,sq/ads_C6_101.wav,sq/ads,C,6,C6,1046.5022612023945,0.0,0.0,0.2608695652173913,2
226,sq/ads_B6_102.wav,sq/ads,B,6,B6,1975.533205024496,0.11,55.0,0.5652173913043478,2
227,sq/ads_B2_103.wav,sq/ads,B,2,B2,123.47082531403103,0.33,18.333333333333332,0.6521739130434783,2
228,sq/ads_B6_104.wav,sq/ads,B,6,B6,1975.533205024496,0.44,13.75,0.6521739130434783,2
229,sq/ads_E3_105.wav,sq/ads,E,3,E3,164.81377845643496,0.08,10.0,0.30434782608695654,2
230,sq/ads_A♯6_106.wav,sq/ads,A♯,6,A♯6,1864.6550460723597,1.4,3.5714285714285716,0.8260869565217391,2
231,sq/ads_A2_107.wav,sq/ads,A,2,A2,110.0,1.26,3.2142857142857144,0.782608695652174,2
232,sq/ads_D♯3_108.wav,sq/ads,D♯,3,D♯3,155.56349186104046,0.42,1.0714285714285714,0.5217391304347826,2
233,sq/ads_B5_109.wav,sq/ads,B,5,B5,987.7666025122483,1.54,3.9285714285714284,0.8695652173913043,2
234,sq/ads_D2_110.wav,sq/ads,D,2,D2,73.41619197935188,0.04,5.0,0.21739130434782608,2
235,sq/ads_D♯6_111.wav,sq/ads,D♯,6,D♯6,1244.5079348883237,0.36,1.25,0.4782608695652174,2
236,sq/ads_G♯4_112.wav,sq/ads,G♯,4,G♯4,415.3046975799451,1.28,2.5,0.782608695652174,2
237,sq/ads_A♯2_113.wav,sq/ads,A♯,2,A♯2,116.54094037952248,0.3,16.666666666666668,0.6086956521739131,2
238,sq/ads_F2_114.wav,sq/ads,F,2,F2,87.30705785825097,0.1,12.5,0.34782608695652173,2
239,sq/ads_F♯2_115.wav,sq/ads,F♯,2,F♯2,92.4986056779086,0.72,2.5,0.6086956521739131,2
240,sq/ads_A♯6_116.wav,sq/ads,A♯,6,A♯6,1864.6550460723597,2.0,2.5,0.9565217391304348,2
241,sq/ads_C♯6_117.wav,sq/ads,C♯,6,C♯6,1108.7305239074883,0.06,0.8333333333333333,0.2608695652173913,2
242,sq/ads_B6_118.wav,sq/ads,B,6,B6,1975.533205024496,0.66,9.166666666666666,0.782608695652174,2
243,sq/ads_F5_119.wav,sq/ads,F,5,F5,698.4564628660078,0.4,3.125,0.4782608695652174,2
244,sq/ads_G♯5_120.wav,sq/ads,G♯,5,G♯5,830.6093951598903,1.6,2.0,0.8695652173913043,2
245,sq/ads_A4_121.wav,sq/ads,A,4,A4,440.0,0.63,6.428571428571429,0.7391304347826086,2
246,sq/ads_D6_122.wav,sq/ads,D,6,D6,1174.6590716696303,0.02,10.0,0.17391304347826086,2
247,sq/ads_D2_123.wav,sq/ads,D,2,D2,73.41619197935188,0.36,0.5555555555555556,0.5652173913043478,2
248,sq/ads_F♯2_124.wav,sq/ads,F♯,2,F♯2,92.4986056779086,0.48,3.75,0.6521739130434783,2
249,sq/ads_F4_125.wav,sq/ads,F,4,F4,349.2282314330039,0.1,12.5,0.34782608695652173,2
250,tri/ads_D♯6_1.wav,tri/ads,D♯,6,D♯6,1244.5079348883237,0.42,1.0714285714285714,0.5217391304347826,2
251,tri/ads_C♯6_2.wav,tri/ads,C♯,6,C♯6,1108.7305239074883,0.2,0.25,0.5652173913043478,2
252,tri/ads_A4_3.wav,tri/ads,A,4,A4,440.0,0.36,11.25,0.6086956521739131,2
253,tri/ads_C♯5_4.wav,tri/ads,C♯,5,C♯5,554.3652619537442,0.02,2.5,0.17391304347826086,2
254,tri/ads_C4_5.wav,tri/ads,C,4,C4,261.6255653005986,0.0,0.0,0.08695652173913043,2
255,tri/ads_E2_6.wav,tri/ads,E,2,E2,82.4068892282175,0.36,2.2222222222222223,0.6086956521739131,2
256,tri/ads_C6_7.wav,tri/ads,C,6,C6,1046.5022612023945,0.0,0.0,0.21739130434782608,2
257,tri/ads_F♯5_8.wav,tri/ads,F♯,5,F♯5,739.9888454232688,0.24,7.5,0.43478260869565216,2
258,tri/ads_G5_9.wav,tri/ads,G,5,G5,783.9908719634985,0.56,4.375,0.6956521739130435,2
259,tri/ads_G♯2_10.wav,tri/ads,G♯,2,G♯2,103.82617439498628,0.16,20.0,0.4782608695652174,2
260,tri/ads_G♯4_11.wav,tri/ads,G♯,4,G♯4,415.3046975799451,0.72,4.444444444444445,0.782608695652174,2
261,tri/ads_F♯4_12.wav,tri/ads,F♯,4,F♯4,369.9944227116344,0.24,7.5,0.4782608695652174,2
262,tri/ads_G3_13.wav,tri/ads,G,3,G3,195.99771799087463,0.28,8.75,0.4782608695652174,2
263,tri/ads_D♯5_14.wav,tri/ads,D♯,5,D♯5,622.2539674441618,0.42,1.0714285714285714,0.5217391304347826,2
264,tri/ads_E4_15.wav,tri/ads,E,4,E4,329.6275569128699,0.28,2.8571428571428568,0.5217391304347826,2
265,tri/ads_D4_16.wav,tri/ads,D,4,D4,293.6647679174076,0.32,0.625,0.5217391304347826,2
266,tri/ads_G♯5_17.wav,tri/ads,G♯,5,G♯5,830.6093951598903,0.16,20.0,0.4782608695652174,2
267,tri/ads_C5_18.wav,tri/ads,C,5,C5,523.2511306011972,0.0,0.0,0.13043478260869565,2
268,tri/ads_C♯3_19.wav,tri/ads,C♯,3,C♯3,138.59131548843604,0.2,0.25,0.5652173913043478,2
269,tri/ads_D♯3_20.wav,tri/ads,D♯,3,D♯3,155.56349186104046,0.09,5.0,0.30434782608695654,2
270,tri/ads_C5_21.wav,tri/ads,C,5,C5,523.2511306011972,0.0,0.0,0.4782608695652174,2
271,tri/ads_E5_22.wav,tri/ads,E,5,E5,659.2551138257398,0.4,2.0,0.6521739130434783,2
272,tri/ads_C4_23.wav,tri/ads,C,4,C4,261.6255653005986,0.0,0.0,0.30434782608695654,2
273,tri/ads_C♯3_24.wav,tri/ads,C♯,3,C♯3,138.59131548843604,0.12,0.41666666666666663,0.391304347826087,2
274,tri/ads_G♯2_25.wav,tri/ads,G♯,2,G♯2,103.82617439498628,1.6,2.0,0.8695652173913043,2
275,tri/ads_G♯2_26.wav,tri/ads,G♯,2,G♯2,103.82617439498628,0.16,20.0,0.4782608695652174,2
276,tri/ads_F♯6_27.wav,tri/ads,F♯,6,F♯6,1479.9776908465376,0.6,3.0,0.7391304347826086,2
277,tri/ads_A♯6_28.wav,tri/ads,A♯,6,A♯6,1864.6550460723597,0.4,12.5,0.6086956521739131,2
278,tri/ads_D3_29.wav,tri/ads,D,3,D3,146.8323839587038,0.32,0.625,0.5217391304347826,2
279,tri/ads_C2_30.wav,tri/ads,C,2,C2,65.40639132514966,0.0,0.0,0.4782608695652174,2
280,tri/ads_B3_31.wav,tri/ads,B,3,B3,246.94165062806206,1.76,3.4375,0.9130434782608695,2
281,tri/ads_D2_32.wav,tri/ads,D,2,D2,73.41619197935188,0.4,0.5,0.6086956521739131,2
282,tri/ads_A2_33.wav,tri/ads,A,2,A2,110.0,0.72,5.625,0.6521739130434783,2
283,tri/ads_C6_34.wav,tri/ads,C,6,C6,1046.5022612023945,0.0,0.0,0.43478260869565216,2
284,tri/ads_A♯4_35.wav,tri/ads,A♯,4,A♯4,466.1637615180899,0.6,8.333333333333334,0.6521739130434783,2
285,tri/ads_F3_36.wav,tri/ads,F,3,F3,174.61411571650194,0.1,12.5,0.34782608695652173,2
286,tri/ads_G♯3_37.wav,tri/ads,G♯,3,G♯3,207.65234878997256,0.56,5.7142857142857135,0.6956521739130435,2
287,tri/ads_C2_38.wav,tri/ads,C,2,C2,65.40639132514966,0.0,0.0,0.08695652173913043,2
288,tri/ads_A5_39.wav,tri/ads,A,5,A5,880.0,0.9,4.5,0.6956521739130435,2
289,tri/ads_F6_40.wav,tri/ads,F,6,F6,1396.9129257320155,0.25,5.0,0.4782608695652174,2
290,tri/ads_A6_41.wav,tri/ads,A,6,A6,1760.0,0.54,7.5,0.6956521739130435,2
291,tri/ads_F5_42.wav,tri/ads,F,5,F5,698.4564628660078,0.5,2.5,0.5217391304347826,2
292,tri/ads_A4_43.wav,tri/ads,A,4,A4,440.0,1.44,2.8125,0.8260869565217391,2
293,tri/ads_F♯2_44.wav,tri/ads,F♯,2,F♯2,92.4986056779086,0.96,1.875,0.6956521739130435,2
294,tri/ads_E6_45.wav,tri/ads,E,6,E6,1318.5102276514797,0.32,2.5,0.5652173913043478,2
295,tri/ads_G♯5_46.wav,tri/ads,G♯,5,G♯5,830.6093951598903,0.16,20.0,0.4782608695652174,2
296,tri/ads_E4_47.wav,tri/ads,E,4,E4,329.6275569128699,0.64,1.25,0.6086956521739131,2
297,tri/ads_A♯4_48.wav,tri/ads,A♯,4,A♯4,466.1637615180899,2.0,2.5,0.9565217391304348,2
298,tri/ads_C2_49.wav,tri/ads,C,2,C2,65.40639132514966,0.0,0.0,0.391304347826087,2
299,tri/ads_C♯2_50.wav,tri/ads,C♯,2,C♯2,69.29565774421802,0.08,0.625,0.43478260869565216,2
300,tri/ads_F3_51.wav,tri/ads,F,3,F3,174.61411571650194,0.45,2.7777777777777777,0.6521739130434783,2
301,tri/ads_C2_52.wav,tri/ads,C,2,C2,65.40639132514966,0.0,0.0,0.21739130434782608,2
302,tri/ads_D4_53.wav,tri/ads,D,4,D4,293.6647679174076,0.18,1.1111111111111112,0.5217391304347826,2
303,tri/ads_B2_54.wav,tri/ads,B,2,B2,123.47082531403103,0.99,6.111111111111112,0.9130434782608695,2
304,tri/ads_G♯2_55.wav,tri/ads,G♯,2,G♯2,103.82617439498628,1.28,2.5,0.782608695652174,2
305,tri/ads_F♯6_56.wav,tri/ads,F♯,6,F♯6,1479.9776908465376,0.12,15.0,0.391304347826087,2
306,tri/ads_A♯2_57.wav,tri/ads,A♯,2,A♯2,116.54094037952248,0.8,6.25,0.6956521739130435,2
307,tri/ads_G2_58.wav,tri/ads,G,2,G2,97.99885899543733,0.63,3.888888888888889,0.7391304347826086,2
308,tri/ads_D♯2_59.wav,tri/ads,D♯,2,D♯2,77.78174593052023,0.3,1.5,0.6086956521739131,2
309,tri/ads_A6_60.wav,tri/ads,A,6,A6,1760.0,1.62,2.5,0.8695652173913043,2
310,tri/ads_F5_61.wav,tri/ads,F,5,F5,698.4564628660078,0.7,1.7857142857142858,0.6086956521739131,2
311,tri/ads_A♯6_62.wav,tri/ads,A♯,6,A♯6,1864.6550460723597,1.8,2.7777777777777777,0.9130434782608695,2
312,tri/ads_C♯2_63.wav,tri/ads,C♯,2,C♯2,69.29565774421802,0.1,0.5,0.34782608695652173,2
313,tri/ads_C4_64.wav,tri/ads,C,4,C4,261.6255653005986,0.0,0.0,0.17391304347826086,2
314,tri/ads_G2_65.wav,tri/ads,G,2,G2,97.99885899543733,1.4,1.75,0.8260869565217391,2
315,tri/ads_G♯4_66.wav,tri/ads,G♯,4,G♯4,415.3046975799451,0.64,5.0,0.7391304347826086,2
316,tri/ads_A♯2_67.wav,tri/ads,A♯,2,A♯2,116.54094037952248,0.8,6.25,0.6956521739130435,2
317,tri/ads_G3_68.wav,tri/ads,G,3,G3,195.99771799087463,0.56,4.375,0.6956521739130435,2
318,tri/ads_F♯6_69.wav,tri/ads,F♯,6,F♯6,1479.9776908465376,0.72,2.5,0.6086956521739131,2
319,tri/ads_A♯2_70.wav,tri/ads,A♯,2,A♯2,116.54094037952248,0.9,5.555555555555555,0.8695652173913043,2
320,tri/ads_G♯2_71.wav,tri/ads,G♯,2,G♯2,103.82617439498628,0.4,8.0,0.6086956521739131,2
321,tri/ads_F5_72.wav,tri/ads,F,5,F5,698.4564628660078,0.2,6.25,0.43478260869565216,2
322,tri/ads_G3_73.wav,tri/ads,G,3,G3,195.99771799087463,0.98,2.5,0.6956521739130435,2
323,tri/ads_F4_74.wav,tri/ads,F,4,F4,349.2282314330039,0.3,4.166666666666667,0.5217391304347826,2
324,tri/ads_G♯3_75.wav,tri/ads,G♯,3,G♯3,207.65234878997256,0.32,10.0,0.5652173913043478,2
325,tri/ads_B2_76.wav,tri/ads,B,2,B2,123.47082531403103,0.66,9.166666666666666,0.782608695652174,2
326,tri/ads_G♯6_77.wav,tri/ads,G♯,6,G♯6,1661.2187903197805,0.16,20.0,0.4782608695652174,2
327,tri/ads_D♯5_78.wav,tri/ads,D♯,5,D♯5,622.2539674441618,0.12,3.75,0.34782608695652173,2
328,tri/ads_E3_79.wav,tri/ads,E,3,E3,164.81377845643496,0.4,2.0,0.6521739130434783,2
329,tri/ads_A♯4_80.wav,tri/ads,A♯,4,A♯4,466.1637615180899,0.2,25.0,0.5652173913043478,2
330,tri/ads_G♯4_81.wav,tri/ads,G♯,4,G♯4,415.3046975799451,0.48,6.666666666666666,0.6521739130434783,2
331,tri/ads_D♯6_82.wav,tri/ads,D♯,6,D♯6,1244.5079348883237,0.18,2.5,0.43478260869565216,2
332,tri/ads_G2_83.wav,tri/ads,G,2,G2,97.99885899543733,0.28,8.75,0.5217391304347826,2
333,tri/ads_G♯6_84.wav,tri/ads,G♯,6,G♯6,1661.2187903197805,0.96,3.333333333333333,0.6956521739130435,2
334,tri/ads_B6_85.wav,tri/ads,B,6,B6,1975.533205024496,0.44,13.75,0.6521739130434783,2
335,tri/ads_D2_86.wav,tri/ads,D,2,D2,73.41619197935188,0.16,1.25,0.4782608695652174,2
336,tri/ads_E3_87.wav,tri/ads,E,3,E3,164.81377845643496,0.2,4.0,0.43478260869565216,2
337,tri/ads_G5_88.wav,tri/ads,G,5,G5,783.9908719634985,0.14,17.5,0.43478260869565216,2
338,tri/ads_E5_89.wav,tri/ads,E,5,E5,659.2551138257398,0.16,5.0,0.34782608695652173,2
339,tri/ads_G♯5_90.wav,tri/ads,G♯,5,G♯5,830.6093951598903,0.8,4.0,0.6521739130434783,2
340,tri/ads_F♯4_91.wav,tri/ads,F♯,4,F♯4,369.9944227116344,0.54,3.333333333333333,0.6956521739130435,2
341,tri/ads_E4_92.wav,tri/ads,E,4,E4,329.6275569128699,0.12,6.666666666666666,0.34782608695652173,2
342,tri/ads_E4_93.wav,tri/ads,E,4,E4,329.6275569128699,0.24,3.333333333333333,0.4782608695652174,2
343,tri/ads_A♯2_94.wav,tri/ads,A♯,2,A♯2,116.54094037952248,0.4,12.5,0.6521739130434783,2
344,tri/ads_D♯5_95.wav,tri/ads,D♯,5,D♯5,622.2539674441618,0.6,0.75,0.6521739130434783,2
345,tri/ads_D2_96.wav,tri/ads,D,2,D2,73.41619197935188,0.1,2.0,0.34782608695652173,2
346,tri/ads_E2_97.wav,tri/ads,E,2,E2,82.4068892282175,0.32,2.5,0.43478260869565216,2
347,tri/ads_A4_98.wav,tri/ads,A,4,A4,440.0,1.26,3.2142857142857144,0.782608695652174,2
348,tri/ads_B4_99.wav,tri/ads,B,4,B4,493.8833012561241,0.66,9.166666666666666,0.782608695652174,2
349,tri/ads_F3_100.wav,tri/ads,F,3,F3,174.61411571650194,0.45,2.7777777777777777,0.6521739130434783,2
350,tri/ads_F3_101.wav,tri/ads,F,3,F3,174.61411571650194,0.4,3.125,0.6086956521739131,2
351,tri/ads_B6_102.wav,tri/ads,B,6,B6,1975.533205024496,0.11,55.0,0.5652173913043478,2
352,tri/ads_G♯2_103.wav,tri/ads,G♯,2,G♯2,103.82617439498628,1.28,2.5,0.782608695652174,2
353,tri/ads_F2_104.wav,tri/ads,F,2,F2,87.30705785825097,0.45,2.7777777777777777,0.6521739130434783,2
354,tri/ads_G5_105.wav,tri/ads,G,5,G5,783.9908719634985,0.56,4.375,0.6956521739130435,2
355,tri/ads_C6_106.wav,tri/ads,C,6,C6,1046.5022612023945,0.0,0.0,0.13043478260869565,2
356,tri/ads_A♯2_107.wav,tri/ads,A♯,2,A♯2,116.54094037952248,1.2,4.166666666666667,0.782608695652174,2
357,tri/ads_E5_108.wav,tri/ads,E,5,E5,659.2551138257398,0.32,2.5,0.43478260869565216,2
358,tri/ads_F5_109.wav,tri/ads,F,5,F5,698.4564628660078,0.3,4.166666666666667,0.43478260869565216,2
359,tri/ads_D6_110.wav,tri/ads,D,6,D6,1174.6590716696303,0.36,0.5555555555555556,0.5652173913043478,2
360,tri/ads_E3_111.wav,tri/ads,E,3,E3,164.81377845643496,0.04,20.0,0.2608695652173913,2
361,tri/ads_E4_112.wav,tri/ads,E,4,E4,329.6275569128699,0.36,2.2222222222222223,0.6086956521739131,2
362,tri/ads_D♯4_113.wav,tri/ads,D♯,4,D♯4,311.1269837220809,0.54,0.8333333333333333,0.6086956521739131,2
363,tri/ads_B2_114.wav,tri/ads,B,2,B2,123.47082531403103,1.1,5.5,0.9565217391304348,2
364,tri/ads_G♯2_115.wav,tri/ads,G♯,2,G♯2,103.82617439498628,0.64,5.0,0.7391304347826086,2
365,tri/ads_A♯3_116.wav,tri/ads,A♯,3,A♯3,233.08188075904496,1.6,3.125,0.8695652173913043,2
366,tri/ads_B2_117.wav,tri/ads,B,2,B2,123.47082531403103,0.22,27.5,0.6086956521739131,2
367,tri/ads_B2_118.wav,tri/ads,B,2,B2,123.47082531403103,1.98,3.055555555555556,0.9565217391304348,2
368,tri/ads_A♯5_119.wav,tri/ads,A♯,5,A♯5,932.3275230361799,0.7,7.142857142857143,0.782608695652174,2
369,tri/ads_G3_120.wav,tri/ads,G,3,G3,195.99771799087463,0.42,5.833333333333334,0.6086956521739131,2
370,tri/ads_C♯6_121.wav,tri/ads,C♯,6,C♯6,1108.7305239074883,0.16,0.3125,0.4782608695652174,2
371,tri/ads_A6_122.wav,tri/ads,A,6,A6,1760.0,0.18,22.5,0.5217391304347826,2
372,tri/ads_D4_123.wav,tri/ads,D,4,D4,293.6647679174076,0.16,1.25,0.34782608695652173,2
373,tri/ads_C♯6_124.wav,tri/ads,C♯,6,C♯6,1108.7305239074883,0.12,0.41666666666666663,0.391304347826087,2
374,tri/ads_C5_125.wav,tri/ads,C,5,C5,523.2511306011972,0.0,0.0,0.30434782608695654,2
375,saw/ads_D4_1.wav,saw/ads,D,4,D4,293.6647679174076,0.02,10.0,0.17391304347826086,2
376,saw/ads_A♯3_2.wav,saw/ads,A♯,3,A♯3,233.08188075904496,1.4,3.5714285714285716,0.8260869565217391,2
377,saw/ads_D5_3.wav,saw/ads,D,5,D5,587.3295358348151,0.4,0.5,0.6086956521739131,2
378,saw/ads_A2_4.wav,saw/ads,A,2,A2,110.0,0.72,5.625,0.782608695652174,2
379,saw/ads_G6_5.wav,saw/ads,G,6,G6,1567.981743926997,0.56,4.375,0.6956521739130435,2
380,saw/ads_A6_6.wav,saw/ads,A,6,A6,1760.0,0.54,7.5,0.6956521739130435,2
381,saw/ads_E5_7.wav,saw/ads,E,5,E5,659.2551138257398,0.8,1.0,0.6956521739130435,2
382,saw/ads_A♯5_8.wav,saw/ads,A♯,5,A♯5,932.3275230361799,0.3,16.666666666666668,0.6086956521739131,2
383,saw/ads_A6_9.wav,saw/ads,A,6,A6,1760.0,0.18,22.5,0.5217391304347826,2
384,saw/ads_B2_10.wav,saw/ads,B,2,B2,123.47082531403103,0.99,6.111111111111112,0.9130434782608695,2
385,saw/ads_G♯2_11.wav,saw/ads,G♯,2,G♯2,103.82617439498628,0.96,3.333333333333333,0.6956521739130435,2
386,saw/ads_F3_12.wav,saw/ads,F,3,F3,174.61411571650194,0.7,1.7857142857142858,0.6086956521739131,2
387,saw/ads_B3_13.wav,saw/ads,B,3,B3,246.94165062806206,0.22,27.5,0.6086956521739131,2
388,saw/ads_G4_14.wav,saw/ads,G,4,G4,391.99543598174927,0.98,2.5,0.6956521739130435,2
389,saw/ads_F5_15.wav,saw/ads,F,5,F5,698.4564628660078,0.3,4.166666666666667,0.5217391304347826,2
390,saw/ads_D♯3_16.wav,saw/ads,D♯,3,D♯3,155.56349186104046,0.24,1.875,0.391304347826087,2
391,saw/ads_D♯5_17.wav,saw/ads,D♯,5,D♯5,622.2539674441618,0.3,1.5,0.6086956521739131,2
392,saw/ads_D♯4_18.wav,saw/ads,D♯,4,D♯4,311.1269837220809,0.15,3.0,0.391304347826087,2
393,saw/ads_D♯5_19.wav,saw/ads,D♯,5,D♯5,622.2539674441618,0.06,7.5,0.2608695652173913,2
394,saw/ads_E6_20.wav,saw/ads,E,6,E6,1318.5102276514797,0.2,4.0,0.43478260869565216,2
395,saw/ads_D6_21.wav,saw/ads,D,6,D6,1174.6590716696303,0.08,2.5,0.2608695652173913,2
396,saw/ads_F2_22.wav,saw/ads,F,2,F2,87.30705785825097,0.4,3.125,0.6086956521739131,2
397,saw/ads_C4_23.wav,saw/ads,C,4,C4,261.6255653005986,0.0,0.0,0.4782608695652174,2
398,saw/ads_G2_24.wav,saw/ads,G,2,G2,97.99885899543733,0.28,8.75,0.4782608695652174,2
399,saw/ads_F4_25.wav,saw/ads,F,4,F4,349.2282314330039,0.45,2.7777777777777777,0.6521739130434783,2
400,saw/ads_G♯6_26.wav,saw/ads,G♯,6,G♯6,1661.2187903197805,0.64,5.0,0.6086956521739131,2
401,saw/ads_G5_27.wav,saw/ads,G,5,G5,783.9908719634985,0.49,5.0,0.6521739130434783,2
402,saw/ads_D6_28.wav,saw/ads,D,6,D6,1174.6590716696303,0.36,0.5555555555555556,0.5652173913043478,2
403,saw/ads_D♯3_29.wav,saw/ads,D♯,3,D♯3,155.56349186104046,0.18,2.5,0.43478260869565216,2
404,saw/ads_F♯3_30.wav,saw/ads,F♯,3,F♯3,184.9972113558172,0.48,3.75,0.6521739130434783,2
405,saw/ads_D2_31.wav,saw/ads,D,2,D2,73.41619197935188,0.04,5.0,0.21739130434782608,2
406,saw/ads_C♯5_32.wav,saw/ads,C♯,5,C♯5,554.3652619537442,0.09,0.5555555555555556,0.4782608695652174,2
407,saw/ads_F2_33.wav,saw/ads,F,2,F2,87.30705785825097,0.25,5.0,0.4782608695652174,2
408,saw/ads_D♯3_34.wav,saw/ads,D♯,3,D♯3,155.56349186104046,0.18,2.5,0.43478260869565216,2
409,saw/ads_G5_35.wav,saw/ads,G,5,G5,783.9908719634985,0.49,5.0,0.6521739130434783,2
410,saw/ads_G5_36.wav,saw/ads,G,5,G5,783.9908719634985,0.49,5.0,0.6521739130434783,2
411,saw/ads_D♯2_37.wav,saw/ads,D♯,2,D♯2,77.78174593052023,0.36,1.25,0.4782608695652174,2
412,saw/ads_E3_38.wav,saw/ads,E,3,E3,164.81377845643496,0.16,5.0,0.391304347826087,2
413,saw/ads_E4_39.wav,saw/ads,E,4,E4,329.6275569128699,0.32,2.5,0.43478260869565216,2
414,saw/ads_D3_40.wav,saw/ads,D,3,D3,146.8323839587038,0.08,2.5,0.2608695652173913,2
415,saw/ads_A♯5_41.wav,saw/ads,A♯,5,A♯5,932.3275230361799,0.1,50.0,0.5217391304347826,2
416,saw/ads_F2_42.wav,saw/ads,F,2,F2,87.30705785825097,0.4,3.125,0.6086956521739131,2
417,saw/ads_C♯2_43.wav,saw/ads,C♯,2,C♯2,69.29565774421802,0.04,1.25,0.2608695652173913,2
418,saw/ads_D4_44.wav,saw/ads,D,4,D4,293.6647679174076,0.06,3.333333333333333,0.2608695652173913,2
419,saw/ads_A6_45.wav,saw/ads,A,6,A6,1760.0,0.54,7.5,0.6086956521739131,2
420,saw/ads_F♯2_46.wav,saw/ads,F♯,2,F♯2,92.4986056779086,0.36,5.0,0.5652173913043478,2
421,saw/ads_G6_47.wav,saw/ads,G,6,G6,1567.981743926997,0.14,17.5,0.43478260869565216,2
422,saw/ads_C3_48.wav,saw/ads,C,3,C3,130.8127826502993,0.0,0.0,0.34782608695652173,2
423,saw/ads_A2_49.wav,saw/ads,A,2,A2,110.0,0.72,5.625,0.782608695652174,2
424,saw/ads_D♯6_50.wav,saw/ads,D♯,6,D♯6,1244.5079348883237,0.6,0.75,0.6521739130434783,2
425,saw/ads_B3_51.wav,saw/ads,B,3,B3,246.94165062806206,0.77,7.857142857142857,0.8260869565217391,2
426,saw/ads_C♯3_52.wav,saw/ads,C♯,3,C♯3,138.59131548843604,0.08,0.625,0.43478260869565216,2
427,saw/ads_C5_53.wav,saw/ads,C,5,C5,523.2511306011972,0.0,0.0,0.21739130434782608,2
428,saw/ads_B4_54.wav,saw/ads,B,4,B4,493.8833012561241,1.1,5.5,0.9565217391304348,2
429,saw/ads_C♯5_55.wav,saw/ads,C♯,5,C♯5,554.3652619537442,0.07,0.7142857142857142,0.391304347826087,2
430,saw/ads_G♯6_56.wav,saw/ads,G♯,6,G♯6,1661.2187903197805,1.6,2.0,0.8695652173913043,2
431,saw/ads_A3_57.wav,saw/ads,A,3,A3,220.0,0.54,7.5,0.6086956521739131,2
432,saw/ads_D♯5_58.wav,saw/ads,D♯,5,D♯5,622.2539674441618,0.09,5.0,0.30434782608695654,2
433,saw/ads_G2_59.wav,saw/ads,G,2,G2,97.99885899543733,0.7,3.5,0.6086956521739131,2
434,saw/ads_G♯2_60.wav,saw/ads,G♯,2,G♯2,103.82617439498628,0.16,20.0,0.4782608695652174,2
435,saw/ads_D♯4_61.wav,saw/ads,D♯,4,D♯4,311.1269837220809,0.12,3.75,0.30434782608695654,2
436,saw/ads_F4_62.wav,saw/ads,F,4,F4,349.2282314330039,0.8,1.5625,0.6521739130434783,2
437,saw/ads_F♯5_63.wav,saw/ads,F♯,5,F♯5,739.9888454232688,0.48,3.75,0.5217391304347826,2
438,saw/ads_F3_64.wav,saw/ads,F,3,F3,174.61411571650194,0.15,8.333333333333334,0.391304347826087,2
439,saw/ads_A♯3_65.wav,saw/ads,A♯,3,A♯3,233.08188075904496,0.6,8.333333333333334,0.6521739130434783,2
440,saw/ads_A6_66.wav,saw/ads,A,6,A6,1760.0,1.44,2.8125,0.8260869565217391,2
441,saw/ads_E2_67.wav,saw/ads,E,2,E2,82.4068892282175,0.16,5.0,0.391304347826087,2
442,saw/ads_E4_68.wav,saw/ads,E,4,E4,329.6275569128699,0.08,10.0,0.30434782608695654,2
443,saw/ads_G6_69.wav,saw/ads,G,6,G6,1567.981743926997,0.35,7.0,0.5652173913043478,2
444,saw/ads_F2_70.wav,saw/ads,F,2,F2,87.30705785825097,0.35,3.5714285714285716,0.5652173913043478,2
445,saw/ads_B6_71.wav,saw/ads,B,6,B6,1975.533205024496,0.44,13.75,0.6956521739130435,2
446,saw/ads_F♯4_72.wav,saw/ads,F♯,4,F♯4,369.9944227116344,0.6,3.0,0.5652173913043478,2
447,saw/ads_F3_73.wav,saw/ads,F,3,F3,174.61411571650194,0.8,1.5625,0.6521739130434783,2
448,saw/ads_B3_74.wav,saw/ads,B,3,B3,246.94165062806206,0.88,6.875,0.8695652173913043,2
449,saw/ads_A♯6_75.wav,saw/ads,A♯,6,A♯6,1864.6550460723597,0.4,12.5,0.6086956521739131,2
450,saw/ads_G5_76.wav,saw/ads,G,5,G5,783.9908719634985,0.84,2.916666666666667,0.6521739130434783,2
451,saw/ads_F3_77.wav,saw/ads,F,3,F3,174.61411571650194,0.35,3.5714285714285716,0.5652173913043478,2
452,saw/ads_F2_78.wav,saw/ads,F,2,F2,87.30705785825097,0.1,12.5,0.34782608695652173,2
453,saw/ads_D6_79.wav,saw/ads,D,6,D6,1174.6590716696303,0.2,1.0,0.5652173913043478,2
454,saw/ads_G♯4_80.wav,saw/ads,G♯,4,G♯4,415.3046975799451,0.24,13.333333333333332,0.5217391304347826,2
455,saw/ads_A♯2_81.wav,saw/ads,A♯,2,A♯2,116.54094037952248,0.5,10.0,0.6956521739130435,2
456,saw/ads_C♯3_82.wav,saw/ads,C♯,3,C♯3,138.59131548843604,0.1,0.5,0.5217391304347826,2
457,saw/ads_D6_83.wav,saw/ads,D,6,D6,1174.6590716696303,0.32,0.625,0.5217391304347826,2
458,saw/ads_E3_84.wav,saw/ads,E,3,E3,164.81377845643496,0.24,3.333333333333333,0.4782608695652174,2
459,saw/ads_C3_85.wav,saw/ads,C,3,C3,130.8127826502993,0.0,0.0,0.21739130434782608,2
460,saw/ads_D3_86.wav,saw/ads,D,3,D3,146.8323839587038,0.24,0.8333333333333333,0.43478260869565216,2
461,saw/ads_C4_87.wav,saw/ads,C,4,C4,261.6255653005986,0.0,0.0,0.2608695652173913,2
462,saw/ads_C♯6_88.wav,saw/ads,C♯,6,C♯6,1108.7305239074883,0.08,0.625,0.43478260869565216,2
463,saw/ads_F♯3_89.wav,saw/ads,F♯,3,F♯3,184.9972113558172,0.36,5.0,0.4782608695652174,2
464,saw/ads_A5_90.wav,saw/ads,A,5,A5,880.0,1.44,2.8125,0.8260869565217391,2
465,saw/ads_C♯4_91.wav,saw/ads,C♯,4,C♯4,277.1826309768721,0.08,0.625,0.43478260869565216,2
466,saw/ads_D♯6_92.wav,saw/ads,D♯,6,D♯6,1244.5079348883237,0.15,3.0,0.391304347826087,2
467,saw/ads_A2_93.wav,saw/ads,A,2,A2,110.0,0.45,9.0,0.6521739130434783,2
468,saw/ads_G2_94.wav,saw/ads,G,2,G2,97.99885899543733,0.42,5.833333333333334,0.5217391304347826,2
469,saw/ads_G♯4_95.wav,saw/ads,G♯,4,G♯4,415.3046975799451,0.32,10.0,0.5652173913043478,2
470,saw/ads_A4_96.wav,saw/ads,A,4,A4,440.0,0.36,11.25,0.6086956521739131,2
471,saw/ads_C4_97.wav,saw/ads,C,4,C4,261.6255653005986,0.0,0.0,0.17391304347826086,2
472,saw/ads_F2_98.wav,saw/ads,F,2,F2,87.30705785825097,1.0,1.25,0.7391304347826086,2
473,saw/ads_B3_99.wav,saw/ads,B,3,B3,246.94165062806206,2.2,2.75,1.0,2
474,saw/ads_C♯6_100.wav,saw/ads,C♯,6,C♯6,1108.7305239074883,0.07,0.7142857142857142,0.391304347826087,2
475,saw/ads_G3_101.wav,saw/ads,G,3,G3,195.99771799087463,0.14,17.5,0.43478260869565216,2
476,saw/ads_G2_102.wav,saw/ads,G,2,G2,97.99885899543733,0.56,4.375,0.5652173913043478,2
477,saw/ads_G♯2_103.wav,saw/ads,G♯,2,G♯2,103.82617439498628,1.12,2.8571428571428568,0.7391304347826086,2
478,saw/ads_G6_104.wav,saw/ads,G,6,G6,1567.981743926997,0.49,5.0,0.6521739130434783,2
479,saw/ads_A4_105.wav,saw/ads,A,4,A4,440.0,0.09,45.0,0.4782608695652174,2
480,saw/ads_A3_106.wav,saw/ads,A,3,A3,220.0,1.62,2.5,0.8695652173913043,2
481,saw/ads_F♯4_107.wav,saw/ads,F♯,4,F♯4,369.9944227116344,0.12,15.0,0.391304347826087,2
482,saw/ads_G5_108.wav,saw/ads,G,5,G5,783.9908719634985,0.42,5.833333333333334,0.6086956521739131,2
483,saw/ads_F♯6_109.wav,saw/ads,F♯,6,F♯6,1479.9776908465376,0.96,1.875,0.6956521739130435,2
484,saw/ads_A4_110.wav,saw/ads,A,4,A4,440.0,1.44,2.8125,0.8260869565217391,2
485,saw/ads_C3_111.wav,saw/ads,C,3,C3,130.8127826502993,0.0,0.0,0.17391304347826086,2
486,saw/ads_F♯3_112.wav,saw/ads,F♯,3,F♯3,184.9972113558172,0.18,10.0,0.43478260869565216,2
487,saw/ads_F2_113.wav,saw/ads,F,2,F2,87.30705785825097,0.15,8.333333333333334,0.391304347826087,2
488,saw/ads_A♯5_114.wav,saw/ads,A♯,5,A♯5,932.3275230361799,1.2,4.166666666666667,0.782608695652174,2
489,saw/ads_C♯6_115.wav,saw/ads,C♯,6,C♯6,1108.7305239074883,0.04,1.25,0.2608695652173913,2
490,saw/ads_C♯5_116.wav,saw/ads,C♯,5,C♯5,554.3652619537442,0.16,0.3125,0.4782608695652174,2
491,saw/ads_F5_117.wav,saw/ads,F,5,F5,698.4564628660078,0.8,1.5625,0.6521739130434783,2
492,saw/ads_C♯4_118.wav,saw/ads,C♯,4,C♯4,277.1826309768721,0.09,0.5555555555555556,0.4782608695652174,2
493,saw/ads_C♯6_119.wav,saw/ads,C♯,6,C♯6,1108.7305239074883,0.16,0.3125,0.4782608695652174,2
494,saw/ads_D♯5_120.wav,saw/ads,D♯,5,D♯5,622.2539674441618,0.15,3.0,0.391304347826087,2
495,saw/ads_A♯2_121.wav,saw/ads,A♯,2,A♯2,116.54094037952248,0.3,16.666666666666668,0.6086956521739131,2
496,saw/ads_G♯5_122.wav,saw/ads,G♯,5,G♯5,830.6093951598903,0.64,5.0,0.6086956521739131,2
497,saw/ads_G♯3_123.wav,saw/ads,G♯,3,G♯3,207.65234878997256,1.12,2.8571428571428568,0.7391304347826086,2
498,saw/ads_B5_124.wav,saw/ads,B,5,B5,987.7666025122483,0.99,6.111111111111112,0.9130434782608695,2
499,saw/ads_A3_125.wav,saw/ads,A,3,A3,220.0,0.9,4.5,0.6956521739130435,2
